"CellCode";"EofOrigin.x";"NofOrigin.x";"final_capacity";"total_indicators"
"10kmE264N199";2640000;1990000;0.15;0
"10kmE266N183";2660000;1830000;0.15;0
"10kmE276N225";2760000;2250000;0.15;0
"10kmE276N226";2760000;2260000;0.15;0
"10kmE298N344";2980000;3440000;0.21;0
"10kmE298N345";2980000;3450000;0.21;0
"10kmE299N344";2990000;3440000;0.21;0
"10kmE305N241";3050000;2410000;0.63;0
"10kmE305N333";3050000;3330000;0.54;0
"10kmE306N333";3060000;3330000;0.54;0
"10kmE307N240";3070000;2400000;0.63;0
"10kmE307N333";3070000;3330000;0.54;0
"10kmE309N363";3090000;3630000;0.21;0
"10kmE310N334";3100000;3340000;0.375;0
"10kmE311N334";3110000;3340000;0.375;0
"10kmE315N236";3150000;2360000;0.5925;0
"10kmE315N335";3150000;3350000;0.375;0
"10kmE316N335";3160000;3350000;0.375;0
"10kmE317N335";3170000;3350000;0.375;0
"10kmE319N313";3190000;3130000;0.54;0
"10kmE321N313";3210000;3130000;0.54;0
"10kmE322N313";3220000;3130000;0.54;0
"10kmE323N287";3230000;2870000;0.325;0
"10kmE323N289";3230000;2890000;0.5;0
"10kmE323N309";3230000;3090000;0.54;0
"10kmE324N387";3240000;3870000;0.21;0
"10kmE325N387";3250000;3870000;0.21;0
"10kmE326N315";3260000;3150000;0.54;0
"10kmE326N389";3260000;3890000;0.21;0
"10kmE326N390";3260000;3900000;0.21;0
"10kmE326N391";3260000;3910000;0.21;0
"10kmE326N392";3260000;3920000;0.21;0
"10kmE327N234";3270000;2340000;0.63;0
"10kmE327N328";3270000;3280000;0.54;0
"10kmE327N391";3270000;3910000;0.21;0
"10kmE327N393";3270000;3930000;0.21;0
"10kmE327N394";3270000;3940000;0.21;0
"10kmE327N395";3270000;3950000;0.21;0
"10kmE327N396";3270000;3960000;0.21;0
"10kmE327N397";3270000;3970000;0.21;0
"10kmE328N392";3280000;3920000;0.21;0
"10kmE328N393";3280000;3930000;0.21;0
"10kmE328N394";3280000;3940000;0.21;0
"10kmE328N395";3280000;3950000;0.21;0
"10kmE328N396";3280000;3960000;0.21;0
"10kmE328N397";3280000;3970000;0.21;0
"10kmE329N316";3290000;3160000;0.54;0
"10kmE329N375";3290000;3750000;0.21;0
"10kmE329N394";3290000;3940000;0.21;0
"10kmE329N395";3290000;3950000;0.21;0
"10kmE329N397";3290000;3970000;0.21;0
"10kmE329N398";3290000;3980000;0.21;0
"10kmE329N402";3290000;4020000;0.21;0
"10kmE329N403";3290000;4030000;0.21;0
"10kmE330N283";3300000;2830000;0.15;0
"10kmE330N318";3300000;3180000;0.54;0
"10kmE330N375";3300000;3750000;0.21;0
"10kmE330N376";3300000;3760000;0.21;0
"10kmE330N384";3300000;3840000;0.21;0
"10kmE330N385";3300000;3850000;0.21;0
"10kmE330N398";3300000;3980000;0.21;0
"10kmE330N399";3300000;3990000;0.21;0
"10kmE330N403";3300000;4030000;0.21;0
"10kmE331N380";3310000;3800000;0.21;0
"10kmE331N388";3310000;3880000;0.21;0
"10kmE331N398";3310000;3980000;0.21;0
"10kmE331N399";3310000;3990000;0.21;0
"10kmE331N400";3310000;4000000;0.21;0
"10kmE332N232";3320000;2320000;0.63;0
"10kmE332N277";3320000;2770000;0.15;0
"10kmE332N278";3320000;2780000;0.15;0
"10kmE332N279";3320000;2790000;0.15;0
"10kmE332N280";3320000;2800000;0.15;0
"10kmE332N398";3320000;3980000;0.21;0
"10kmE332N399";3320000;3990000;0.21;0
"10kmE332N401";3320000;4010000;0.21;0
"10kmE333N272";3330000;2720000;0.15;0
"10kmE333N310";3330000;3100000;0.5;0
"10kmE333N311";3330000;3110000;0.5;0
"10kmE333N321";3330000;3210000;0.54;0
"10kmE333N369";3330000;3690000;0.21;0
"10kmE333N382";3330000;3820000;0.21;0
"10kmE334N310";3340000;3100000;0.5;0
"10kmE334N340";3340000;3400000;0.21;0
"10kmE334N380";3340000;3800000;0.21;0
"10kmE335N346";3350000;3460000;0.21;0
"10kmE335N403";3350000;4030000;0.21;0
"10kmE336N264";3360000;2640000;0.15;0
"10kmE336N274";3360000;2740000;0.15;0
"10kmE336N275";3360000;2750000;0.15;0
"10kmE336N322";3360000;3220000;0.54;0
"10kmE336N385";3360000;3850000;0.21;0
"10kmE336N403";3360000;4030000;0.21;0
"10kmE337N270";3370000;2700000;0.15;0
"10kmE337N271";3370000;2710000;0.15;0
"10kmE337N272";3370000;2720000;0.15;0
"10kmE337N273";3370000;2730000;0.15;0
"10kmE337N322";3370000;3220000;0.54;0
"10kmE338N271";3380000;2710000;0.15;0
"10kmE338N272";3380000;2720000;0.15;0
"10kmE338N321";3380000;3210000;0.54;0
"10kmE338N322";3380000;3220000;0.54;0
"10kmE339N321";3390000;3210000;0.54;0
"10kmE339N322";3390000;3220000;0.54;0
"10kmE340N314";3400000;3140000;0.5;0
"10kmE340N322";3400000;3220000;0.54;0
"10kmE341N314";3410000;3140000;0.5;0
"10kmE341N322";3410000;3220000;0.54;0
"10kmE342N264";3420000;2640000;0.15;0
"10kmE346N407";3460000;4070000;0.285;0
"10kmE351N312";3510000;3120000;0.5;0
"10kmE352N309";3520000;3090000;0.5;0
"10kmE352N310";3520000;3100000;0.5;0
"10kmE352N311";3520000;3110000;0.5;0
"10kmE353N310";3530000;3100000;0.5;0
"10kmE358N407";3580000;4070000;0.36;0
"10kmE358N408";3580000;4080000;0.36;0
"10kmE359N405";3590000;4050000;0.36;0
"10kmE360N406";3600000;4060000;0.36;0
"10kmE361N407";3610000;4070000;0.36;0
"10kmE364N311";3640000;3110000;0.5;0
"10kmE364N312";3640000;3120000;0.5;0
"10kmE365N312";3650000;3120000;0.5;0
"10kmE366N312";3660000;3120000;0.5;0
"10kmE369N416";3690000;4160000;0.36;0
"10kmE369N417";3690000;4170000;0.36;0
"10kmE395N224";3950000;2240000;0.636666666666667;0
"10kmE402N222";4020000;2220000;0.79;0
"10kmE405N226";4050000;2260000;0.72;0
"10kmE416N177";4160000;1770000;0.75;0
"10kmE417N176";4170000;1760000;0.75;0
"10kmE420N370";4200000;3700000;0.39;0
"10kmE420N371";4200000;3710000;0.39;0
"10kmE420N372";4200000;3720000;0.39;0
"10kmE420N373";4200000;3730000;0.39;0
"10kmE420N374";4200000;3740000;0.39;0
"10kmE420N375";4200000;3750000;0.39;0
"10kmE421N375";4210000;3750000;0.39;0
"10kmE422N371";4220000;3710000;0.39;0
"10kmE422N376";4220000;3760000;0.39;0
"10kmE422N377";4220000;3770000;0.39;0
"10kmE423N377";4230000;3770000;0.39;0
"10kmE424N202";4240000;2020000;0.66;0
"10kmE424N203";4240000;2030000;0.66;0
"10kmE425N202";4250000;2020000;0.66;0
"10kmE427N204";4270000;2040000;0.645;0
"10kmE427N205";4270000;2050000;0.645;0
"10kmE427N221";4270000;2210000;0.68;0
"10kmE428N352";4280000;3520000;0.067760125062;0
"10kmE428N354";4280000;3540000;0.0963412012366665;0
"10kmE429N352";4290000;3520000;0.090369749512;0
"10kmE429N353";4290000;3530000;0.018013354912;0
"10kmE429N354";4290000;3540000;0.0792157444033332;0
"10kmE429N355";4290000;3550000;0.0780931359533332;0
"10kmE429N356";4290000;3560000;0.0948772254833331;0
"10kmE429N359";4290000;3590000;0.0210488115;0
"10kmE429N360";4290000;3600000;0.00325964719;0
"10kmE430N351";4300000;3510000;0.01264721941;0
"10kmE430N352";4300000;3520000;0.206042224575;0
"10kmE430N353";4300000;3530000;0.136558383665;0
"10kmE430N354";4300000;3540000;0.08266296168;0
"10kmE430N355";4300000;3550000;0.1158476878;0
"10kmE430N356";4300000;3560000;0.24797741709;0
"10kmE430N357";4300000;3570000;0.00593360781;0
"10kmE430N358";4300000;3580000;0.0443418266833333;0
"10kmE430N359";4300000;3590000;0.0577533752466666;0
"10kmE430N360";4300000;3600000;0.05205197272;0
"10kmE430N361";4300000;3610000;0.02031245106;0
"10kmE430N362";4300000;3620000;0.0271988312666666;0
"10kmE431N232";4310000;2320000;0.65;0
"10kmE431N348";4310000;3480000;0.12491693786;0
"10kmE431N351";4310000;3510000;0.0460421329666666;0
"10kmE431N352";4310000;3520000;0.162716352535;0
"10kmE431N353";4310000;3530000;0.09274724188;0
"10kmE431N354";4310000;3540000;0.05020464176;0
"10kmE431N355";4310000;3550000;0.12262337412;0
"10kmE431N356";4310000;3560000;0.12217338861;0
"10kmE431N357";4310000;3570000;0.00620710389;0
"10kmE431N358";4310000;3580000;0.03760815898;0
"10kmE431N360";4310000;3600000;0.03265665832;0
"10kmE431N361";4310000;3610000;0.04972807114;0
"10kmE431N362";4310000;3620000;0.0284622816133333;0
"10kmE431N364";4310000;3640000;0.01938294196;0
"10kmE432N218";4320000;2180000;0.62;0
"10kmE432N219";4320000;2190000;0.62;0
"10kmE432N348";4320000;3480000;0.156724842;0
"10kmE432N349";4320000;3490000;0.2906278305;0
"10kmE432N350";4320000;3500000;0.142034758366667;0
"10kmE432N351";4320000;3510000;0.20087821142;0
"10kmE432N352";4320000;3520000;0.147005532945;0
"10kmE432N353";4320000;3530000;0.04216454783;0
"10kmE432N354";4320000;3540000;0.06054328088;0
"10kmE432N355";4320000;3550000;0.17464525416;0
"10kmE432N361";4320000;3610000;0.0681387286499999;0
"10kmE432N362";4320000;3620000;0.05945360118;0
"10kmE432N363";4320000;3630000;0.01559460552;0
"10kmE433N347";4330000;3470000;0.05239013578;0
"10kmE433N348";4330000;3480000;0.116699028;0
"10kmE433N349";4330000;3490000;0.282530637;0
"10kmE433N350";4330000;3500000;0.318583205293334;0
"10kmE433N351";4330000;3510000;0.41020464178;0
"10kmE433N352";4330000;3520000;0.2812643450125;0
"10kmE433N353";4330000;3530000;0.1356946445975;0
"10kmE433N354";4330000;3540000;0.1265094852;0
"10kmE433N355";4330000;3550000;0.07817622306;0
"10kmE433N361";4330000;3610000;0.0737251971366666;0
"10kmE433N362";4330000;3620000;0.101898749972;0
"10kmE433N366";4330000;3660000;0.00507256305;0
"10kmE433N367";4330000;3670000;0.01175585825;0
"10kmE434N348";4340000;3480000;0.11164516328;0
"10kmE434N349";4340000;3490000;0.0508358312;0
"10kmE434N352";4340000;3520000;0.223607875985;0
"10kmE434N353";4340000;3530000;0.202686416245;0
"10kmE434N354";4340000;3540000;0.06539878187;0
"10kmE434N359";4340000;3590000;0.00210048740666666;0
"10kmE434N361";4340000;3610000;0.162195652584;0
"10kmE434N362";4340000;3620000;0.10637326518;0
"10kmE434N363";4340000;3630000;0.0011706695;0
"10kmE434N364";4340000;3640000;0.046991289845;0
"10kmE434N365";4340000;3650000;0.022559410205;0
"10kmE434N366";4340000;3660000;0.0581069757125;0
"10kmE434N367";4340000;3670000;0.01783226874;0
"10kmE434N368";4340000;3680000;0.014208159525;0
"10kmE434N384";4340000;3840000;0.3;0
"10kmE435N347";4350000;3470000;0.10120275816;0
"10kmE435N348";4350000;3480000;0.0587095096;0
"10kmE435N349";4350000;3490000;0.00580619984;0
"10kmE435N352";4350000;3520000;0.10401017429;0
"10kmE435N354";4350000;3540000;0.02052811721;0
"10kmE435N359";4350000;3590000;0.00202673037666666;0
"10kmE435N360";4350000;3600000;0.001112010606;0
"10kmE435N361";4350000;3610000;0.021077311374;0
"10kmE435N362";4350000;3620000;0.05195027942;0
"10kmE435N363";4350000;3630000;0.03014712376;0
"10kmE435N364";4350000;3640000;0.119751105645;0
"10kmE435N365";4350000;3650000;0.064924618385;0
"10kmE435N366";4350000;3660000;0.1017333756725;0
"10kmE435N367";4350000;3670000;0.0165628981375;0
"10kmE435N383";4350000;3830000;0.3;0
"10kmE436N346";4360000;3460000;0.150108089966667;0
"10kmE436N347";4360000;3470000;0.127998978133333;0
"10kmE436N350";4360000;3500000;0.25977234144;0
"10kmE436N351";4360000;3510000;0.17731485984;0
"10kmE436N352";4360000;3520000;0.07758719674;0
"10kmE436N359";4360000;3590000;0.0345911865;0
"10kmE436N360";4360000;3600000;0.0520979382966666;0
"10kmE436N361";4360000;3610000;0.178832749506666;0
"10kmE436N362";4360000;3620000;0.118857417026667;0
"10kmE436N363";4360000;3630000;0.12594855456;0
"10kmE436N364";4360000;3640000;0.05653488542;0
"10kmE436N365";4360000;3650000;0.02622788948;0
"10kmE436N366";4360000;3660000;0.13625525613;0
"10kmE436N383";4360000;3830000;0.3;0
"10kmE436N384";4360000;3840000;0.3;0
"10kmE437N343";4370000;3430000;0.15964172115;0
"10kmE437N344";4370000;3440000;0.051595094475;0
"10kmE437N346";4370000;3460000;0.0944560768999999;0
"10kmE437N347";4370000;3470000;0.137357341933333;0
"10kmE437N350";4370000;3500000;0.22847471808;0
"10kmE437N351";4370000;3510000;0.1286387568;0
"10kmE437N352";4370000;3520000;0.10074868986;0
"10kmE437N353";4370000;3530000;0.1313017974;0
"10kmE437N354";4370000;3540000;1.95965e-05;0
"10kmE437N355";4370000;3550000;0.00648648308;0
"10kmE437N356";4370000;3560000;0.02159916759;0
"10kmE437N357";4370000;3570000;0.093809571255;0
"10kmE437N358";4370000;3580000;0.25767874575;0
"10kmE437N359";4370000;3590000;0.200540035125;0
"10kmE437N360";4370000;3600000;0.125950296426667;0
"10kmE437N361";4370000;3610000;0.114244352243333;0
"10kmE437N362";4370000;3620000;0.0650757845199999;0
"10kmE437N363";4370000;3630000;0.16836924774;0
"10kmE437N364";4370000;3640000;0.04236773762;0
"10kmE437N365";4370000;3650000;0.03911833692;0
"10kmE437N366";4370000;3660000;0.09591200199;0
"10kmE438N343";4380000;3430000;0.22709692368;0
"10kmE438N344";4380000;3440000;0.18939240189;0
"10kmE438N345";4380000;3450000;0.094622166565;0
"10kmE438N347";4380000;3470000;0.04475260892;0
"10kmE438N349";4380000;3490000;0.0809692704566667;0
"10kmE438N353";4380000;3530000;0.01545861131;0
"10kmE438N354";4380000;3540000;0.14755321204;0
"10kmE438N355";4380000;3550000;0.13906917388;0
"10kmE438N356";4380000;3560000;0.0972519405866666;0
"10kmE438N357";4380000;3570000;0.228223872373333;0
"10kmE438N358";4380000;3580000;0.184718077133333;0
"10kmE438N359";4380000;3590000;0.225340184046666;0
"10kmE438N360";4380000;3600000;0.04638836772;0
"10kmE438N361";4380000;3610000;0.0026074674;0
"10kmE438N362";4380000;3620000;0.0270576046;0
"10kmE438N363";4380000;3630000;0.06657850046;0
"10kmE438N364";4380000;3640000;0.05021434314;0
"10kmE438N365";4380000;3650000;0.11488434009;0
"10kmE439N343";4390000;3430000;0.20320634428;0
"10kmE439N344";4390000;3440000;0.267859890555;0
"10kmE439N345";4390000;3450000;0.117610127705;0
"10kmE439N346";4390000;3460000;0.0659043365166667;0
"10kmE439N347";4390000;3470000;0.00885576930666667;0
"10kmE439N349";4390000;3490000;0.291247469426667;0
"10kmE439N356";4390000;3560000;0.04207321758;0
"10kmE439N357";4390000;3570000;0.0795857680666666;0
"10kmE439N358";4390000;3580000;0.000974640273333332;0
"10kmE439N362";4390000;3620000;0.00121268174;0
"10kmE439N363";4390000;3630000;0.024410878;0
"10kmE439N364";4390000;3640000;0.03837741375;0
"10kmE439N365";4390000;3650000;0.00861500991;0
"10kmE440N343";4400000;3430000;0.13805068749;0
"10kmE440N344";4400000;3440000;0.25899362379;0
"10kmE440N345";4400000;3450000;0.22460141635;0
"10kmE440N346";4400000;3460000;0.245721182495;0
"10kmE440N347";4400000;3470000;0.062882757055;0
"10kmE440N348";4400000;3480000;0.26526898678;0
"10kmE440N349";4400000;3490000;0.62026891199;0
"10kmE440N350";4400000;3500000;0.10622727422;0
"10kmE440N355";4400000;3550000;0.01871888508;0
"10kmE440N356";4400000;3560000;0.0546412239599999;0
"10kmE440N363";4400000;3630000;0.01424125599;0
"10kmE440N364";4400000;3640000;0.04100934513;0
"10kmE441N344";4410000;3440000;0.09771100748;0
"10kmE441N345";4410000;3450000;0.3449316305;0
"10kmE441N346";4410000;3460000;0.47272717811;0
"10kmE441N347";4410000;3470000;0.475385184;0
"10kmE441N348";4410000;3480000;0.63489820709;0
"10kmE441N349";4410000;3490000;0.412379095765;0
"10kmE442N344";4420000;3440000;0.03517398459;0
"10kmE442N345";4420000;3450000;0.242141365945;0
"10kmE442N348";4420000;3480000;0.72999999927;0
"10kmE442N349";4420000;3490000;0.12323707649;0
"10kmE442N387";4420000;3870000;0.7;0
"10kmE443N345";4430000;3450000;0.271787453735;0
"10kmE443N348";4430000;3480000;0.6479186248;0
"10kmE443N349";4430000;3490000;0.00264324313;0
"10kmE444N345";4440000;3450000;0.2025961646;0
"10kmE444N348";4440000;3480000;0.49379960439;0
"10kmE445N345";4450000;3450000;0.0582063464;0
"10kmE445N348";4450000;3480000;0.449294679825;0
"10kmE445N349";4450000;3490000;0.039594780555;0
"10kmE445N350";4450000;3500000;0.00634309111333333;0
"10kmE446N346";4460000;3460000;0.03180361758;0
"10kmE446N347";4460000;3470000;0.33385087974;0
"10kmE446N352";4460000;3520000;0.1712770595;0
"10kmE446N353";4460000;3530000;0.03234767;0
"10kmE447N347";4470000;3470000;0.00053207287;0
"10kmE447N352";4470000;3520000;0.495091141;0
"10kmE447N353";4470000;3530000;0.3675885355;0
"10kmE447N356";4470000;3560000;0.000765612;0
"10kmE447N357";4470000;3570000;0.04447406835;0
"10kmE447N358";4470000;3580000;0.00901402726;0
"10kmE447N367";4470000;3670000;0.86;0
"10kmE448N349";4480000;3490000;0.00488238672666667;0
"10kmE448N352";4480000;3520000;0.3266301665;0
"10kmE448N353";4480000;3530000;0.259031763;0
"10kmE448N354";4480000;3540000;0.21162425011;0
"10kmE448N355";4480000;3550000;0.243347167245;0
"10kmE448N356";4480000;3560000;0.31483688932;0
"10kmE448N357";4480000;3570000;0.40984140872;0
"10kmE448N358";4480000;3580000;0.24399263768;0
"10kmE449N349";4490000;3490000;0.0644264366933334;0
"10kmE449N352";4490000;3520000;0.3275878925;0
"10kmE449N353";4490000;3530000;0.494477507;0
"10kmE449N354";4490000;3540000;0.455;0
"10kmE449N355";4490000;3550000;0.455;0
"10kmE449N356";4490000;3560000;0.41;0
"10kmE449N357";4490000;3570000;0.24508958024;0
"10kmE449N358";4490000;3580000;0.00066826364;0
"10kmE449N369";4490000;3690000;0.86;0
"10kmE449N371";4490000;3710000;0.86;0
"10kmE449N372";4490000;3720000;0.86;0
"10kmE450N349";4500000;3490000;0.0022945404;0
"10kmE450N350";4500000;3500000;0.0111095274;0
"10kmE450N351";4500000;3510000;0.1319884334;0
"10kmE450N358";4500000;3580000;0.01199822544;0
"10kmE451N350";4510000;3500000;0.0482370286;0
"10kmE451N351";4510000;3510000;0.1957016306;0
"10kmE451N358";4510000;3580000;0.42433521552;0
"10kmE452N166";4520000;1660000;0.85;0
"10kmE452N350";4520000;3500000;0.0942773312;0
"10kmE452N351";4520000;3510000;0.37474093148;0
"10kmE452N358";4520000;3580000;0.3186621648;0
"10kmE452N512";4520000;5120000;0.51;0
"10kmE453N351";4530000;3510000;0.32208519864;0
"10kmE453N358";4530000;3580000;0.25231414464;0
"10kmE453N512";4530000;5120000;0.35;0
"10kmE453N513";4530000;5130000;0.51;0
"10kmE454N350";4540000;3500000;0.1856273056;0
"10kmE454N351";4540000;3510000;0.34564410232;0
"10kmE454N358";4540000;3580000;0.51406559136;0
"10kmE454N359";4540000;3590000;0.0003338712;0
"10kmE455N346";4550000;3460000;0.00110505829;0
"10kmE455N347";4550000;3470000;0.00090922339;0
"10kmE455N348";4550000;3480000;0.1700478393375;0
"10kmE455N349";4550000;3490000;0.1791919705875;0
"10kmE455N350";4550000;3500000;0.35593889408;0
"10kmE455N351";4550000;3510000;0.44;0
"10kmE455N358";4550000;3580000;0.71886335472;0
"10kmE455N359";4550000;3590000;0.23553365112;0
"10kmE456N347";4560000;3470000;0.07407365979;0
"10kmE456N348";4560000;3480000;0.3226975498;0
"10kmE456N349";4560000;3490000;0.35204268233;0
"10kmE456N350";4560000;3500000;0.35897549221;0
"10kmE456N351";4560000;3510000;0.37;0
"10kmE456N358";4560000;3580000;0.67536255096;0
"10kmE456N359";4560000;3590000;0.20245666032;0
"10kmE457N345";4570000;3450000;0.107033854;0
"10kmE457N346";4570000;3460000;0.02955121611;0
"10kmE457N347";4570000;3470000;0.3684145842;0
"10kmE457N348";4570000;3480000;0.36999999963;0
"10kmE457N349";4570000;3490000;0.37;0
"10kmE457N350";4570000;3500000;0.37;0
"10kmE457N351";4570000;3510000;0.37000000037;0
"10kmE457N358";4570000;3580000;0.64784749176;0
"10kmE457N359";4570000;3590000;0.17406715392;0
"10kmE458N344";4580000;3440000;0.11775396052;0
"10kmE458N345";4580000;3450000;0.33587865702;0
"10kmE458N358";4580000;3580000;0.44451372456;0
"10kmE458N362";4580000;3620000;0.09766667664;0
"10kmE458N363";4580000;3630000;0.16371285552;0
"10kmE458N517";4580000;5170000;0.35;0
"10kmE459N343";4590000;3430000;0.1522388811;0
"10kmE459N344";4590000;3440000;0.32544390334;0
"10kmE459N345";4590000;3450000;0.34;0
"10kmE459N358";4590000;3580000;0.37945692792;0
"10kmE459N359";4590000;3590000;0.5003508348;0
"10kmE459N360";4590000;3600000;0.34651842624;0
"10kmE459N361";4590000;3610000;0.30441304944;0
"10kmE459N362";4590000;3620000;0.50627376072;0
"10kmE459N363";4590000;3630000;0.58232757744;0
"10kmE459N364";4590000;3640000;0.00174519936;0
"10kmE459N517";4590000;5170000;0.35;0
"10kmE460N343";4600000;3430000;0.2472984624;0
"10kmE460N364";4600000;3640000;0.23181792264;0
"10kmE460N365";4600000;3650000;0.05977758744;0
"10kmE460N366";4600000;3660000;0.0024129886;0
"10kmE460N517";4600000;5170000;0.36;0
"10kmE460N518";4600000;5180000;0.36;0
"10kmE461N343";4610000;3430000;0.2612234436;0
"10kmE461N364";4610000;3640000;0.708750864;0
"10kmE461N365";4610000;3650000;0.69730946784;0
"10kmE461N366";4610000;3660000;0.186808138;0
"10kmE461N521";4610000;5210000;0.356666666666667;0
"10kmE462N366";4620000;3660000;0.600625437866666;0
"10kmE462N367";4620000;3670000;0.555161386266666;0
"10kmE462N368";4620000;3680000;0.05983768686;0
"10kmE462N522";4620000;5220000;0.36;0
"10kmE463N366";4630000;3660000;0.733333333333333;0
"10kmE463N367";4630000;3670000;0.672661761933333;0
"10kmE463N368";4630000;3680000;0.13579256558;0
"10kmE464N366";4640000;3660000;0.74;0
"10kmE464N367";4640000;3670000;0.64612564388;0
"10kmE464N368";4640000;3680000;0.031037154;0
"10kmE465N366";4650000;3660000;0.74;0
"10kmE465N367";4650000;3670000;0.56115598378;0
"10kmE466N366";4660000;3660000;0.74;0
"10kmE466N367";4660000;3670000;0.43822590876;0
"10kmE466N368";4660000;3680000;0.0018233748;0
"10kmE467N366";4670000;3660000;0.7180077476;0
"10kmE467N367";4670000;3670000;0.47464759062;0
"10kmE467N368";4670000;3680000;0.01326105974;0
"10kmE468N366";4680000;3660000;0.67631489774;0
"10kmE468N367";4680000;3670000;0.17359348312;0
"10kmE468N396";4680000;3960000;0.23079631874;0
"10kmE469N366";4690000;3660000;0.74;0
"10kmE469N367";4690000;3670000;0.69918133064;0
"10kmE469N368";4690000;3680000;0.32106859076;0
"10kmE469N369";4690000;3690000;0.03002575974;0
"10kmE469N370";4690000;3700000;0.04995750712;0
"10kmE469N371";4690000;3710000;0.18288017788;0
"10kmE469N372";4690000;3720000;0.11717627408;0
"10kmE469N394";4690000;3940000;0.0134257704;0
"10kmE469N396";4690000;3960000;0.31176229792;0
"10kmE469N429";4690000;4290000;0.00361174231;0
"10kmE470N365";4700000;3650000;0.68494434484;0
"10kmE470N366";4700000;3660000;0.76;0
"10kmE470N367";4700000;3670000;0.76;0
"10kmE470N368";4700000;3680000;0.6993810859;0
"10kmE470N369";4700000;3690000;0.6772969658;0
"10kmE470N370";4700000;3700000;0.68794243996;0
"10kmE470N371";4700000;3710000;0.540674621;0
"10kmE470N372";4700000;3720000;0.30503156014;0
"10kmE470N373";4700000;3730000;0.16255093672;0
"10kmE470N374";4700000;3740000;0.08937214654;0
"10kmE470N387";4700000;3870000;0.0737575445;0
"10kmE470N388";4700000;3880000;0.0366414978;0
"10kmE470N394";4700000;3940000;0.00180161832;0
"10kmE470N396";4700000;3960000;0.1967729482;0
"10kmE470N422";4700000;4220000;0.01261549158;0
"10kmE470N423";4700000;4230000;0.02007091474;0
"10kmE470N424";4700000;4240000;0.12952996612;0
"10kmE470N425";4700000;4250000;0.07449429766;0
"10kmE470N426";4700000;4260000;0.01946331662;0
"10kmE470N427";4700000;4270000;0.27692760622;0
"10kmE470N428";4700000;4280000;0.3843956472;0
"10kmE470N429";4700000;4290000;0.25545245916;0
"10kmE470N430";4700000;4300000;0.08017540652;0
"10kmE470N431";4700000;4310000;0.24100963067;0
"10kmE470N432";4700000;4320000;0.04604805744;0
"10kmE470N433";4700000;4330000;0.08151466323;0
"10kmE470N437";4700000;4370000;0.02070827836;0
"10kmE470N438";4700000;4380000;0.19834582537;0
"10kmE470N439";4700000;4390000;0.1858830358;0
"10kmE471N364";4710000;3640000;0.30298244664;0
"10kmE471N365";4710000;3650000;0.748090382;0
"10kmE471N366";4710000;3660000;0.76;0
"10kmE471N367";4710000;3670000;0.76;0
"10kmE471N368";4710000;3680000;0.5645924746;0
"10kmE471N369";4710000;3690000;0.5232508071;0
"10kmE471N370";4710000;3700000;0.60658826504;0
"10kmE471N371";4710000;3710000;0.40731787396;0
"10kmE471N372";4710000;3720000;0.49586835676;0
"10kmE471N373";4710000;3730000;0.38335783176;0
"10kmE471N374";4710000;3740000;0.0144384952;0
"10kmE471N375";4710000;3750000;0.09647845312;0
"10kmE471N376";4710000;3760000;0.0371241683;0
"10kmE471N377";4710000;3770000;0.0255388504;0
"10kmE471N378";4710000;3780000;0.0079125351;0
"10kmE471N379";4710000;3790000;0.03777216262;0
"10kmE471N380";4710000;3800000;0.08696287008;0
"10kmE471N381";4710000;3810000;0.05046297392;0
"10kmE471N382";4710000;3820000;0.00126163576;0
"10kmE471N384";4710000;3840000;0.10482605874;0
"10kmE471N385";4710000;3850000;0.02368712516;0
"10kmE471N386";4710000;3860000;0.003834238;0
"10kmE471N387";4710000;3870000;0.12754121002;0
"10kmE471N388";4710000;3880000;0.0889711036;0
"10kmE471N389";4710000;3890000;0.00880541422;0
"10kmE471N390";4710000;3900000;0.00191671264;0
"10kmE471N391";4710000;3910000;0.01297419068;0
"10kmE471N392";4710000;3920000;0.07639598274;0
"10kmE471N393";4710000;3930000;0.06512038374;0
"10kmE471N394";4710000;3940000;0.10627582502;0
"10kmE471N396";4710000;3960000;0.33789348286;0
"10kmE471N419";4710000;4190000;0.1859374668;0
"10kmE471N420";4710000;4200000;0.14018754253;0
"10kmE471N421";4710000;4210000;0.0477617923;0
"10kmE471N422";4710000;4220000;0.33036737147;0
"10kmE471N423";4710000;4230000;0.29902192085;0
"10kmE471N424";4710000;4240000;0.40238586576;0
"10kmE471N425";4710000;4250000;0.40833425286;0
"10kmE471N426";4710000;4260000;0.38442871332;0
"10kmE471N427";4710000;4270000;0.66266455205;0
"10kmE471N428";4710000;4280000;0.69714006394;0
"10kmE471N429";4710000;4290000;0.4970313039;0
"10kmE471N430";4710000;4300000;0.32496404498;0
"10kmE471N431";4710000;4310000;0.34137695472;0
"10kmE471N432";4710000;4320000;0.55293024248;0
"10kmE471N433";4710000;4330000;0.59356510675;0
"10kmE471N434";4710000;4340000;0.45050418105;0
"10kmE471N435";4710000;4350000;0.39582691302;0
"10kmE471N436";4710000;4360000;0.28057447418;0
"10kmE471N437";4710000;4370000;0.47220513032;0
"10kmE471N438";4710000;4380000;0.52236405298;0
"10kmE471N439";4710000;4390000;0.26437091219;0
"10kmE471N445";4710000;4450000;0.05723097457;0
"10kmE471N530";4710000;5300000;0.552261904761905;0
"10kmE472N362";4720000;3620000;0.10023192512;0
"10kmE472N363";4720000;3630000;0.03531245988;0
"10kmE472N364";4720000;3640000;0.6672694512;0
"10kmE472N365";4720000;3650000;0.76;0
"10kmE472N366";4720000;3660000;0.76;0
"10kmE472N367";4720000;3670000;0.76;0
"10kmE472N368";4720000;3680000;0.51857099968;0
"10kmE472N369";4720000;3690000;0.23115111424;0
"10kmE472N370";4720000;3700000;0.02068350208;0
"10kmE472N375";4720000;3750000;0.190164713026667;0
"10kmE472N376";4720000;3760000;0.4342032177;0
"10kmE472N377";4720000;3770000;0.3827547619;0
"10kmE472N378";4720000;3780000;0.31765393756;0
"10kmE472N379";4720000;3790000;0.219946539453333;0
"10kmE472N380";4720000;3800000;0.67670296854;0
"10kmE472N381";4720000;3810000;0.583677849;0
"10kmE472N382";4720000;3820000;0.0275443512;0
"10kmE472N383";4720000;3830000;0.0425308224;0
"10kmE472N384";4720000;3840000;0.00838273397333334;0
"10kmE472N385";4720000;3850000;0.0985962101066667;0
"10kmE472N386";4720000;3860000;0.0102682194;0
"10kmE472N387";4720000;3870000;0.03548390444;0
"10kmE472N388";4720000;3880000;0.04539637194;0
"10kmE472N389";4720000;3890000;0.02813766232;0
"10kmE472N390";4720000;3900000;0.09037318514;0
"10kmE472N391";4720000;3910000;0.13530601536;0
"10kmE472N392";4720000;3920000;0.21287890288;0
"10kmE472N393";4720000;3930000;0.10082451316;0
"10kmE472N394";4720000;3940000;0.03426349306;0
"10kmE472N395";4720000;3950000;0.03888796332;0
"10kmE472N396";4720000;3960000;0.41185316424;0
"10kmE472N419";4720000;4190000;0.24914098303;0
"10kmE472N420";4720000;4200000;0.30104590152;0
"10kmE472N421";4720000;4210000;0.53334378459;0
"10kmE472N422";4720000;4220000;0.78525188;0
"10kmE472N423";4720000;4230000;0.8;0
"10kmE472N424";4720000;4240000;0.7304845776;0
"10kmE472N425";4720000;4250000;0.7227101128;0
"10kmE472N426";4720000;4260000;0.8;0
"10kmE472N427";4720000;4270000;0.8;0
"10kmE472N428";4720000;4280000;0.8;0
"10kmE472N429";4720000;4290000;0.784572928;0
"10kmE472N430";4720000;4300000;0.67772006153;0
"10kmE472N431";4720000;4310000;0.67602600955;0
"10kmE472N432";4720000;4320000;0.77;0
"10kmE472N433";4720000;4330000;0.76484022076;0
"10kmE472N434";4720000;4340000;0.7586100445;0
"10kmE472N435";4720000;4350000;0.62077289813;0
"10kmE472N436";4720000;4360000;0.63863411458;0
"10kmE472N437";4720000;4370000;0.7063863345;0
"10kmE472N438";4720000;4380000;0.74714277253;0
"10kmE472N439";4720000;4390000;0.60163334154;0
"10kmE472N440";4720000;4400000;0.15750062328;0
"10kmE472N441";4720000;4410000;0.00311556784;0
"10kmE472N443";4720000;4430000;0.04545914989;0
"10kmE472N444";4720000;4440000;0.0504828555;0
"10kmE472N445";4720000;4450000;0.11904948825;0
"10kmE473N362";4730000;3620000;0.66041553104;0
"10kmE473N363";4730000;3630000;0.52102772192;0
"10kmE473N364";4730000;3640000;0.76;0
"10kmE473N365";4730000;3650000;0.76;0
"10kmE473N366";4730000;3660000;0.76;0
"10kmE473N367";4730000;3670000;0.76;0
"10kmE473N368";4730000;3680000;0.64;0
"10kmE473N369";4730000;3690000;0.64;0
"10kmE473N370";4730000;3700000;0.61133273664;0
"10kmE473N371";4730000;3710000;0.48593623744;0
"10kmE473N372";4730000;3720000;0.38075146496;0
"10kmE473N373";4730000;3730000;0.30516206848;0
"10kmE473N374";4730000;3740000;0.232779354546667;0
"10kmE473N375";4730000;3750000;0.0136949342933333;0
"10kmE473N377";4730000;3770000;0.1161161645;0
"10kmE473N378";4730000;3780000;0.6044361574;0
"10kmE473N379";4730000;3790000;0.67608090232;0
"10kmE473N380";4730000;3800000;0.70944522462;0
"10kmE473N381";4730000;3810000;0.68911372314;0
"10kmE473N382";4730000;3820000;0.7406505048;0
"10kmE473N383";4730000;3830000;0.7333535976;0
"10kmE473N384";4730000;3840000;0.634290537893334;0
"10kmE473N385";4730000;3850000;0.418947849146667;0
"10kmE473N386";4730000;3860000;0.37106807;0
"10kmE473N387";4730000;3870000;0.44117465682;0
"10kmE473N388";4730000;3880000;0.23895402634;0
"10kmE473N389";4730000;3890000;0.4008787918;0
"10kmE473N390";4730000;3900000;0.60080186434;0
"10kmE473N391";4730000;3910000;0.24338130462;0
"10kmE473N392";4730000;3920000;0.02313243824;0
"10kmE473N393";4730000;3930000;0.07247347194;0
"10kmE473N394";4730000;3940000;0.12039485806;0
"10kmE473N395";4730000;3950000;0.22711198114;0
"10kmE473N396";4730000;3960000;0.35977017636;0
"10kmE473N397";4730000;3970000;0.01207654476;0
"10kmE473N418";4730000;4180000;0.00684336624;0
"10kmE473N419";4730000;4190000;0.44311478288;0
"10kmE473N420";4730000;4200000;0.67196317568;0
"10kmE473N421";4730000;4210000;0.67311219992;0
"10kmE473N422";4730000;4220000;0.8;0
"10kmE473N423";4730000;4230000;0.8;0
"10kmE473N424";4730000;4240000;0.7999999992;0
"10kmE473N425";4730000;4250000;0.8;0
"10kmE473N426";4730000;4260000;0.8;0
"10kmE473N427";4730000;4270000;0.8;0
"10kmE473N428";4730000;4280000;0.8;0
"10kmE473N429";4730000;4290000;0.8;0
"10kmE473N430";4730000;4300000;0.785;0
"10kmE473N431";4730000;4310000;0.785;0
"10kmE473N432";4730000;4320000;0.77;0
"10kmE473N433";4730000;4330000;0.77;0
"10kmE473N434";4730000;4340000;0.77;0
"10kmE473N435";4730000;4350000;0.77;0
"10kmE473N436";4730000;4360000;0.77;0
"10kmE473N437";4730000;4370000;0.76999999923;0
"10kmE473N438";4730000;4380000;0.77;0
"10kmE473N439";4730000;4390000;0.77;0
"10kmE473N440";4730000;4400000;0.72744189056;0
"10kmE473N441";4730000;4410000;0.36774542035;0
"10kmE473N442";4730000;4420000;0.07126991641;0
"10kmE473N443";4730000;4430000;0.09519203771;0
"10kmE474N362";4740000;3620000;0.76;0
"10kmE474N363";4740000;3630000;0.76;0
"10kmE474N364";4740000;3640000;0.76;0
"10kmE474N365";4740000;3650000;0.76;0
"10kmE474N366";4740000;3660000;0.76;0
"10kmE474N367";4740000;3670000;0.76000000152;0
"10kmE474N368";4740000;3680000;0.76;0
"10kmE474N369";4740000;3690000;0.76;0
"10kmE474N376";4740000;3760000;0.37814409024;0
"10kmE474N377";4740000;3770000;0.26052680128;0
"10kmE474N378";4740000;3780000;0.0613381984;0
"10kmE474N379";4740000;3790000;0.0210682368;0
"10kmE474N381";4740000;3810000;0.0023544794;0
"10kmE474N382";4740000;3820000;0.4946352047;0
"10kmE474N383";4740000;3830000;0.6983940264;0
"10kmE474N384";4740000;3840000;0.76000000076;0
"10kmE474N385";4740000;3850000;0.62225217436;0
"10kmE474N386";4740000;3860000;0.58841238244;0
"10kmE474N387";4740000;3870000;0.62394367672;0
"10kmE474N388";4740000;3880000;0.58690552968;0
"10kmE474N389";4740000;3890000;0.49070907992;0
"10kmE474N392";4740000;3920000;0.263206242;0
"10kmE474N393";4740000;3930000;0.3299638986;0
"10kmE474N394";4740000;3940000;0.5640974091;0
"10kmE474N395";4740000;3950000;0.4972990707;0
"10kmE474N396";4740000;3960000;0.26343178835;0
"10kmE474N397";4740000;3970000;0.0028471073;0
"10kmE474N418";4740000;4180000;0.01129440665;0
"10kmE474N419";4740000;4190000;0.42660288798;0
"10kmE474N420";4740000;4200000;0.8000000008;0
"10kmE474N421";4740000;4210000;0.8;0
"10kmE474N440";4740000;4400000;0.77;0
"10kmE474N441";4740000;4410000;0.77000000077;0
"10kmE474N442";4740000;4420000;0.71296164709;0
"10kmE474N443";4740000;4430000;0.56924465367;0
"10kmE474N444";4740000;4440000;0.14187263475;0
"10kmE474N445";4740000;4450000;0.09105563082;0
"10kmE474N446";4740000;4460000;0.18272024386;0
"10kmE475N362";4750000;3620000;0.76;0
"10kmE475N363";4750000;3630000;0.76;0
"10kmE475N364";4750000;3640000;0.76;0
"10kmE475N365";4750000;3650000;0.76;0
"10kmE475N366";4750000;3660000;0.76;0
"10kmE475N367";4750000;3670000;0.76;0
"10kmE475N368";4750000;3680000;0.76;0
"10kmE475N369";4750000;3690000;0.76;0
"10kmE475N376";4750000;3760000;0.64;0
"10kmE475N377";4750000;3770000;0.64;0
"10kmE475N378";4750000;3780000;0.63960368256;0
"10kmE475N379";4750000;3790000;0.62861112;0
"10kmE475N380";4750000;3800000;0.4754132376;0
"10kmE475N381";4750000;3810000;0.3825340666;0
"10kmE475N382";4750000;3820000;0.1319079706;0
"10kmE475N383";4750000;3830000;0.3354314026;0
"10kmE475N384";4750000;3840000;0.68835138228;0
"10kmE475N385";4750000;3850000;0.13429216872;0
"10kmE475N389";4750000;3890000;0.24084172076;0
"10kmE475N392";4750000;3920000;0.8412022962;0
"10kmE475N393";4750000;3930000;0.8567010459;0
"10kmE475N394";4750000;3940000;0.6873385239;0
"10kmE475N395";4750000;3950000;0.831445452;0
"10kmE475N396";4750000;3960000;0.5739854228;0
"10kmE475N397";4750000;3970000;0.18195134935;0
"10kmE475N398";4750000;3980000;0.03004718465;0
"10kmE475N419";4750000;4190000;0.40743575283;0
"10kmE475N420";4750000;4200000;0.7999999992;0
"10kmE475N421";4750000;4210000;0.8;0
"10kmE475N440";4750000;4400000;0.77;0
"10kmE475N441";4750000;4410000;0.77;0
"10kmE475N442";4750000;4420000;0.77;0
"10kmE475N443";4750000;4430000;0.77;0
"10kmE475N444";4750000;4440000;0.57367353813;0
"10kmE475N445";4750000;4450000;0.31400584831;0
"10kmE475N446";4750000;4460000;0.29409253951;0
"10kmE475N447";4750000;4470000;0.29344205198;0
"10kmE475N448";4750000;4480000;0.00717520881;0
"10kmE476N351";4760000;3510000;0.09413007516;0
"10kmE476N352";4760000;3520000;0.61971973668;0
"10kmE476N353";4760000;3530000;0.66;0
"10kmE476N360";4760000;3600000;0.33242320504;0
"10kmE476N361";4760000;3610000;0.76;0
"10kmE476N362";4760000;3620000;0.76000000076;0
"10kmE476N363";4760000;3630000;0.76;0
"10kmE476N364";4760000;3640000;0.76;0
"10kmE476N365";4760000;3650000;0.76;0
"10kmE476N366";4760000;3660000;0.76;0
"10kmE476N367";4760000;3670000;0.76;0
"10kmE476N368";4760000;3680000;0.76;0
"10kmE476N369";4760000;3690000;0.76;0
"10kmE476N380";4760000;3800000;0.73833742208;0
"10kmE476N381";4760000;3810000;0.73260141404;0
"10kmE476N384";4760000;3840000;0.54898573628;0
"10kmE476N385";4760000;3850000;0.40302350004;0
"10kmE476N386";4760000;3860000;0.02065793012;0
"10kmE476N396";4760000;3960000;0.6499788966;0
"10kmE476N397";4760000;3970000;0.0249329034;0
"10kmE476N398";4760000;3980000;0.10360143315;0
"10kmE476N399";4760000;3990000;0.00571565245;0
"10kmE476N418";4760000;4180000;0.01484510529;0
"10kmE476N419";4760000;4190000;0.50157035449;0
"10kmE476N444";4760000;4440000;0.77;0
"10kmE476N445";4760000;4450000;0.72203547031;0
"10kmE476N446";4760000;4460000;0.48930922733;0
"10kmE476N447";4760000;4470000;0.63518008939;0
"10kmE476N448";4760000;4480000;0.22723893269;0
"10kmE476N449";4760000;4490000;0.06815435242;0
"10kmE477N352";4770000;3520000;0.5649046392;0
"10kmE477N353";4770000;3530000;0.65007959478;0
"10kmE477N360";4770000;3600000;0.34174157568;0
"10kmE477N361";4770000;3610000;0.76;0
"10kmE477N362";4770000;3620000;0.76;0
"10kmE477N363";4770000;3630000;0.76;0
"10kmE477N364";4770000;3640000;0.76;0
"10kmE477N365";4770000;3650000;0.76;0
"10kmE477N366";4770000;3660000;0.76;0
"10kmE477N367";4770000;3670000;0.76;0
"10kmE477N368";4770000;3680000;0.76000000076;0
"10kmE477N369";4770000;3690000;0.64447502732;0
"10kmE477N380";4770000;3800000;0.20166003324;0
"10kmE477N381";4770000;3810000;0.02228175752;0
"10kmE477N384";4770000;3840000;0.41617280344;0
"10kmE477N385";4770000;3850000;0.21256074516;0
"10kmE477N386";4770000;3860000;0.0009838124;0
"10kmE477N396";4770000;3960000;0.7442192088;0
"10kmE477N397";4770000;3970000;0.1445493069;0
"10kmE477N398";4770000;3980000;0.2920758151;0
"10kmE477N399";4770000;3990000;0.02863885025;0
"10kmE477N417";4770000;4170000;0.00917720652;0
"10kmE477N418";4770000;4180000;0.54897712407;0
"10kmE477N419";4770000;4190000;0.68575255144;0
"10kmE477N444";4770000;4440000;0.77;0
"10kmE477N445";4770000;4450000;0.77;0
"10kmE477N446";4770000;4460000;0.77;0
"10kmE477N447";4770000;4470000;0.75800074735;0
"10kmE477N448";4770000;4480000;0.27456758945;0
"10kmE477N449";4770000;4490000;0.00113827175;0
"10kmE478N353";4780000;3530000;0.38229882834;0
"10kmE478N360";4780000;3600000;0.09910536268;0
"10kmE478N361";4780000;3610000;0.7293223758;0
"10kmE478N362";4780000;3620000;0.76000000076;0
"10kmE478N363";4780000;3630000;0.55463653464;0
"10kmE478N364";4780000;3640000;0.6127799782;0
"10kmE478N365";4780000;3650000;0.76;0
"10kmE478N366";4780000;3660000;0.76;0
"10kmE478N367";4780000;3670000;0.76;0
"10kmE478N368";4780000;3680000;0.76;0
"10kmE478N369";4780000;3690000;0.73255759472;0
"10kmE478N396";4780000;3960000;0.7776467856;0
"10kmE478N397";4780000;3970000;0.2505982509;0
"10kmE478N398";4780000;3980000;0.40698537285;0
"10kmE478N399";4780000;3990000;0.143541846;0
"10kmE478N400";4780000;4000000;0.1371147189;0
"10kmE478N401";4780000;4010000;0.0366925569;0
"10kmE478N402";4780000;4020000;0.0522002504;0
"10kmE478N405";4780000;4050000;0.0322723192;0
"10kmE478N416";4780000;4160000;0.02519721485;0
"10kmE478N417";4780000;4170000;0.04191688557;0
"10kmE478N418";4780000;4180000;0.07015121985;0
"10kmE478N419";4780000;4190000;0.40965233449;0
"10kmE478N448";4780000;4480000;0.70484838809;0
"10kmE478N449";4780000;4490000;0.45145741718;0
"10kmE478N450";4780000;4500000;0.30636873267;0
"10kmE478N451";4780000;4510000;0.23775603929;0
"10kmE478N535";4780000;5350000;0.546666666666667;0
"10kmE479N361";4790000;3610000;0.71299655892;0
"10kmE479N362";4790000;3620000;0.76;0
"10kmE479N363";4790000;3630000;0.7240235912;0
"10kmE479N364";4790000;3640000;0.76;0
"10kmE479N365";4790000;3650000;0.76;0
"10kmE479N366";4790000;3660000;0.76;0
"10kmE479N367";4790000;3670000;0.76;0
"10kmE479N368";4790000;3680000;0.75999999924;0
"10kmE479N369";4790000;3690000;0.76;0
"10kmE479N382";4790000;3820000;0.425015973375;0
"10kmE479N383";4790000;3830000;0.22010247084;0
"10kmE479N396";4790000;3960000;0.1189371276;0
"10kmE479N397";4790000;3970000;0.1081984086;0
"10kmE479N398";4790000;3980000;0.32235567875;0
"10kmE479N399";4790000;3990000;0.33625250555;0
"10kmE479N400";4790000;4000000;0.07585712035;0
"10kmE479N401";4790000;4010000;0.3076319796;0
"10kmE479N402";4790000;4020000;0.2689333592;0
"10kmE479N404";4790000;4040000;0.0351693376;0
"10kmE479N405";4790000;4050000;0.1318885416;0
"10kmE479N406";4790000;4060000;0.1757105656;0
"10kmE479N407";4790000;4070000;0.1906252208;0
"10kmE479N414";4790000;4140000;0.00923812879;0
"10kmE479N415";4790000;4150000;0.00258640362;0
"10kmE479N418";4790000;4180000;0.2948170488;0
"10kmE479N419";4790000;4190000;0.47739900089;0
"10kmE479N448";4790000;4480000;0.77;0
"10kmE479N449";4790000;4490000;0.76971710893;0
"10kmE479N450";4790000;4500000;0.68901955353;0
"10kmE479N451";4790000;4510000;0.20220359621;0
"10kmE479N452";4790000;4520000;0.10916374392;0
"10kmE480N378";4800000;3780000;0.64;0
"10kmE480N379";4800000;3790000;0.64;0
"10kmE480N380";4800000;3800000;0.64;0
"10kmE480N381";4800000;3810000;0.58795220864;0
"10kmE480N382";4800000;3820000;0.49105938;0
"10kmE480N383";4800000;3830000;0.474314676885;0
"10kmE480N384";4800000;3840000;0.199378185195;0
"10kmE480N385";4800000;3850000;0.63220570623;0
"10kmE480N386";4800000;3860000;0.29075012465;0
"10kmE480N387";4800000;3870000;0.05094594365;0
"10kmE480N388";4800000;3880000;0.01726834588;0
"10kmE480N389";4800000;3890000;0.00779788486;0
"10kmE480N398";4800000;3980000;1.134e-05;0
"10kmE480N399";4800000;3990000;0.4860949959;0
"10kmE480N400";4800000;4000000;0.547109933933334;0
"10kmE480N401";4800000;4010000;0.2389556234;0
"10kmE480N402";4800000;4020000;0.11172856365;0
"10kmE480N403";4800000;4030000;0.25313512125;0
"10kmE480N404";4800000;4040000;0.3135533703;0
"10kmE480N405";4800000;4050000;0.0073171043;0
"10kmE480N406";4800000;4060000;0.321197872;0
"10kmE480N407";4800000;4070000;0.1147942968;0
"10kmE480N414";4800000;4140000;0.09411626875;0
"10kmE480N415";4800000;4150000;0.15652216392;0
"10kmE480N416";4800000;4160000;0.3382459712;0
"10kmE480N417";4800000;4170000;0.154218272;0
"10kmE480N418";4800000;4180000;0.5481194592;0
"10kmE480N419";4800000;4190000;0.3730054168;0
"10kmE480N420";4800000;4200000;0.45181929875;0
"10kmE480N421";4800000;4210000;0.55441155278;0
"10kmE480N422";4800000;4220000;0.61000000061;0
"10kmE480N423";4800000;4230000;0.61;0
"10kmE480N424";4800000;4240000;0.57949530544;0
"10kmE480N425";4800000;4250000;0.560908603;0
"10kmE480N426";4800000;4260000;0.61;0
"10kmE480N427";4800000;4270000;0.61000000061;0
"10kmE480N428";4800000;4280000;0.60999999939;0
"10kmE480N429";4800000;4290000;0.61;0
"10kmE480N440";4800000;4400000;0.76999999923;0
"10kmE480N441";4800000;4410000;0.77;0
"10kmE480N442";4800000;4420000;0.77000000077;0
"10kmE480N443";4800000;4430000;0.77;0
"10kmE480N444";4800000;4440000;0.77;0
"10kmE480N445";4800000;4450000;0.7700000231;0
"10kmE480N446";4800000;4460000;0.77;0
"10kmE480N447";4800000;4470000;0.77;0
"10kmE480N448";4800000;4480000;0.77;0
"10kmE480N449";4800000;4490000;0.77000000077;0
"10kmE480N450";4800000;4500000;0.75437496981;0
"10kmE480N451";4800000;4510000;0.35453765193;0
"10kmE480N452";4800000;4520000;0.12491921057;0
"10kmE481N378";4810000;3780000;0.19622289408;0
"10kmE481N379";4810000;3790000;0.3158671072;0
"10kmE481N380";4810000;3800000;0.22303164288;0
"10kmE481N381";4810000;3810000;0.1369489056;0
"10kmE481N386";4810000;3860000;0.79304380512;0
"10kmE481N387";4810000;3870000;0.81052287804;0
"10kmE481N388";4810000;3880000;0.61103544489;0
"10kmE481N389";4810000;3890000;0.43047467023;0
"10kmE481N399";4810000;3990000;0.2407076397;0
"10kmE481N400";4810000;4000000;0.794373225533334;0
"10kmE481N401";4810000;4010000;0.5271472934;0
"10kmE481N402";4810000;4020000;0.13341902005;0
"10kmE481N403";4810000;4030000;0.49446700565;0
"10kmE481N404";4810000;4040000;0.40759111855;0
"10kmE481N405";4810000;4050000;0.0251206076;0
"10kmE481N406";4810000;4060000;0.2283375136;0
"10kmE481N407";4810000;4070000;0.1043231272;0
"10kmE481N408";4810000;4080000;0.0738114728;0
"10kmE481N409";4810000;4090000;0.0159795576;0
"10kmE481N413";4810000;4130000;0.27926658646;0
"10kmE481N414";4810000;4140000;0.45066969266;0
"10kmE481N415";4810000;4150000;0.51188461537;0
"10kmE481N416";4810000;4160000;0.4877011232;0
"10kmE481N417";4810000;4170000;0.668250664;0
"10kmE481N418";4810000;4180000;0.7492636112;0
"10kmE481N419";4810000;4190000;0.7885124032;0
"10kmE481N420";4810000;4200000;0.61;0
"10kmE481N421";4810000;4210000;0.61;0
"10kmE481N422";4810000;4220000;0.61;0
"10kmE481N423";4810000;4230000;0.61;0
"10kmE481N424";4810000;4240000;0.61000000061;0
"10kmE481N425";4810000;4250000;0.60999999939;0
"10kmE481N426";4810000;4260000;0.61;0
"10kmE481N427";4810000;4270000;0.61;0
"10kmE481N428";4810000;4280000;0.61;0
"10kmE481N429";4810000;4290000;0.61;0
"10kmE481N440";4810000;4400000;0.77000000154;0
"10kmE481N441";4810000;4410000;0.77;0
"10kmE481N442";4810000;4420000;0.77;0
"10kmE481N443";4810000;4430000;0.76999998152;0
"10kmE481N444";4810000;4440000;0.77;0
"10kmE481N445";4810000;4450000;0.77;0
"10kmE481N446";4810000;4460000;0.77;0
"10kmE481N447";4810000;4470000;0.77;0
"10kmE481N448";4810000;4480000;0.77;0
"10kmE481N449";4810000;4490000;0.77000000077;0
"10kmE481N450";4810000;4500000;0.76695774925;0
"10kmE481N451";4810000;4510000;0.5744850419;0
"10kmE481N452";4810000;4520000;0.28056613585;0
"10kmE481N453";4810000;4530000;0.21088091024;0
"10kmE482N378";4820000;3780000;0.1390003008;0
"10kmE482N387";4820000;3870000;0.19950409291;0
"10kmE482N388";4820000;3880000;0.68739738128;0
"10kmE482N389";4820000;3890000;0.40412729299;0
"10kmE482N391";4820000;3910000;0.21071619273;0
"10kmE482N400";4820000;4000000;0.7543623051;0
"10kmE482N401";4820000;4010000;0.8235089226;0
"10kmE482N402";4820000;4020000;0.46981412245;0
"10kmE482N403";4820000;4030000;0.0568310935;0
"10kmE482N404";4820000;4040000;0.05378874375;0
"10kmE482N405";4820000;4050000;0.2941042738;0
"10kmE482N406";4820000;4060000;0.34271378565;0
"10kmE482N407";4820000;4070000;0.25003268245;0
"10kmE482N408";4820000;4080000;0.05865955825;0
"10kmE482N409";4820000;4090000;0.1141016319;0
"10kmE482N410";4820000;4100000;0.00683370583333333;0
"10kmE482N411";4820000;4110000;0.0307469983333333;0
"10kmE482N412";4820000;4120000;0.43483815;0
"10kmE482N413";4820000;4130000;0.828948305833333;0
"10kmE482N414";4820000;4140000;0.61;0
"10kmE482N415";4820000;4150000;0.53890652459;0
"10kmE482N416";4820000;4160000;0.48855284544;0
"10kmE482N417";4820000;4170000;0.47792577131;0
"10kmE482N418";4820000;4180000;0.55160423152;0
"10kmE482N419";4820000;4190000;0.57902377544;0
"10kmE482N420";4820000;4200000;0.61;0
"10kmE482N421";4820000;4210000;0.61;0
"10kmE482N422";4820000;4220000;0.61;0
"10kmE482N423";4820000;4230000;0.61;0
"10kmE482N424";4820000;4240000;0.61;0
"10kmE482N425";4820000;4250000;0.61;0
"10kmE482N426";4820000;4260000;0.61;0
"10kmE482N427";4820000;4270000;0.61;0
"10kmE482N428";4820000;4280000;0.61;0
"10kmE482N429";4820000;4290000;0.61;0
"10kmE482N440";4820000;4400000;0.77;0
"10kmE482N441";4820000;4410000;0.77;0
"10kmE482N442";4820000;4420000;0.77;0
"10kmE482N443";4820000;4430000;0.77;0
"10kmE482N444";4820000;4440000;0.77;0
"10kmE482N445";4820000;4450000;0.77;0
"10kmE482N446";4820000;4460000;0.77;0
"10kmE482N447";4820000;4470000;0.77;0
"10kmE482N448";4820000;4480000;0.77;0
"10kmE482N449";4820000;4490000;0.77000000077;0
"10kmE483N378";4830000;3780000;0.57008414528;0
"10kmE483N379";4830000;3790000;0.30057563584;0
"10kmE483N380";4830000;3800000;0.04358973312;0
"10kmE483N389";4830000;3890000;0.50809812694;0
"10kmE483N390";4830000;3900000;0.18191369292;0
"10kmE483N391";4830000;3910000;0.28423435573;0
"10kmE483N400";4830000;4000000;0.0504352719;0
"10kmE483N401";4830000;4010000;0.6679291122;0
"10kmE483N402";4830000;4020000;0.7555305444;0
"10kmE483N403";4830000;4030000;0.7394534659;0
"10kmE483N404";4830000;4040000;0.61949440665;0
"10kmE483N405";4830000;4050000;0.27260274945;0
"10kmE483N406";4830000;4060000;0.2756623763;0
"10kmE483N407";4830000;4070000;0.37076846235;0
"10kmE483N408";4830000;4080000;0.22496626065;0
"10kmE483N409";4830000;4090000;0.2979534563;0
"10kmE483N410";4830000;4100000;0.256240391666667;0
"10kmE483N411";4830000;4110000;0.295857416666667;0
"10kmE483N412";4830000;4120000;0.807715905833333;0
"10kmE483N413";4830000;4130000;0.833333333333333;0
"10kmE483N414";4830000;4140000;0.61;0
"10kmE483N415";4830000;4150000;0.43968339938;0
"10kmE483N416";4830000;4160000;0.3386171854;0
"10kmE483N417";4830000;4170000;0.39113244408;0
"10kmE483N418";4830000;4180000;0.5502301199;0
"10kmE483N419";4830000;4190000;0.52174020593;0
"10kmE483N420";4830000;4200000;0.61;0
"10kmE483N421";4830000;4210000;0.61;0
"10kmE483N422";4830000;4220000;0.61;0
"10kmE483N423";4830000;4230000;0.61;0
"10kmE483N424";4830000;4240000;0.61;0
"10kmE483N425";4830000;4250000;0.61;0
"10kmE483N426";4830000;4260000;0.61;0
"10kmE483N427";4830000;4270000;0.61;0
"10kmE483N428";4830000;4280000;0.61;0
"10kmE483N429";4830000;4290000;0.61;0
"10kmE483N440";4830000;4400000;0.77;0
"10kmE483N441";4830000;4410000;0.77;0
"10kmE483N442";4830000;4420000;0.77;0
"10kmE483N443";4830000;4430000;0.77;0
"10kmE483N444";4830000;4440000;0.77;0
"10kmE483N445";4830000;4450000;0.77;0
"10kmE483N446";4830000;4460000;0.77;0
"10kmE483N447";4830000;4470000;0.77;0
"10kmE483N448";4830000;4480000;0.77000000077;0
"10kmE483N449";4830000;4490000;0.77;0
"10kmE484N380";4840000;3800000;0.5259552544;0
"10kmE484N381";4840000;3810000;0.1504603552;0
"10kmE484N389";4840000;3890000;0.074289800865;0
"10kmE484N390";4840000;3900000;0.18898912263;0
"10kmE484N391";4840000;3910000;0.231372729315;0
"10kmE484N394";4840000;3940000;0.0294786816;0
"10kmE484N395";4840000;3950000;0.02816334336;0
"10kmE484N404";4840000;4040000;0.8218125855;0
"10kmE484N405";4840000;4050000;0.4195451592;0
"10kmE484N406";4840000;4060000;0.0952902445;0
"10kmE484N407";4840000;4070000;0.1341749803;0
"10kmE484N408";4840000;4080000;0.3512464164;0
"10kmE484N409";4840000;4090000;0.2869886268;0
"10kmE484N410";4840000;4100000;0.15621457505;0
"10kmE484N411";4840000;4110000;0.69136799945;0
"10kmE484N412";4840000;4120000;0.61;0
"10kmE484N413";4840000;4130000;0.61;0
"10kmE484N414";4840000;4140000;0.550305731875;0
"10kmE484N415";4840000;4150000;0.487024288125;0
"10kmE484N416";4840000;4160000;0.208589613403333;0
"10kmE484N417";4840000;4170000;0.373125790053333;0
"10kmE484N418";4840000;4180000;0.57057199625;0
"10kmE484N419";4840000;4190000;0.606543313125;0
"10kmE484N420";4840000;4200000;0.61;0
"10kmE484N421";4840000;4210000;0.61;0
"10kmE484N422";4840000;4220000;0.61;0
"10kmE484N423";4840000;4230000;0.61;0
"10kmE484N424";4840000;4240000;0.61;0
"10kmE484N425";4840000;4250000;0.61;0
"10kmE484N426";4840000;4260000;0.61;0
"10kmE484N427";4840000;4270000;0.61;0
"10kmE484N428";4840000;4280000;0.61;0
"10kmE484N429";4840000;4290000;0.61;0
"10kmE484N440";4840000;4400000;0.77;0
"10kmE484N441";4840000;4410000;0.77;0
"10kmE484N442";4840000;4420000;0.77;0
"10kmE484N443";4840000;4430000;0.77;0
"10kmE484N444";4840000;4440000;0.77;0
"10kmE484N445";4840000;4450000;0.77;0
"10kmE484N446";4840000;4460000;NA;0
"10kmE484N447";4840000;4470000;NA;0
"10kmE484N448";4840000;4480000;NA;0
"10kmE484N449";4840000;4490000;NA;0
"10kmE484N450";4840000;4500000;NA;0
"10kmE484N451";4840000;4510000;NA;0
"10kmE484N452";4840000;4520000;NA;0
"10kmE484N453";4840000;4530000;NA;0
"10kmE485N380";4850000;3800000;0.63919809408;0
"10kmE485N381";4850000;3810000;0.63876907904;0
"10kmE485N382";4850000;3820000;0.43061816768;0
"10kmE485N383";4850000;3830000;0.24053682816;0
"10kmE485N384";4850000;3840000;0.0211439616;0
"10kmE485N385";4850000;3850000;0.2136386912;0
"10kmE485N386";4850000;3860000;0.4692179808;0
"10kmE485N387";4850000;3870000;0.28663148352;0
"10kmE485N390";4850000;3900000;0.43825450893;0
"10kmE485N391";4850000;3910000;0.17697611799;0
"10kmE485N394";4850000;3940000;0.58631388352;0
"10kmE485N395";4850000;3950000;0.5521004224;0
"10kmE485N404";4850000;4040000;0.8589111534;0
"10kmE485N405";4850000;4050000;0.844551558;0
"10kmE485N406";4850000;4060000;0.5977651826;0
"10kmE485N407";4850000;4070000;0.1238223764;0
"10kmE485N408";4850000;4080000;0.1240830441;0
"10kmE485N409";4850000;4090000;0.3387517821;0
"10kmE485N410";4850000;4100000;0.2526534611;0
"10kmE485N411";4850000;4110000;0.7422144155;0
"10kmE485N412";4850000;4120000;0.61;0
"10kmE485N413";4850000;4130000;0.61;0
"10kmE485N414";4850000;4140000;0.611101478125;0
"10kmE485N415";4850000;4150000;0.12944095875;0
"10kmE485N416";4850000;4160000;5.6653e-05;0
"10kmE485N417";4850000;4170000;0.0807053141133333;0
"10kmE485N418";4850000;4180000;0.38137682125;0
"10kmE485N419";4850000;4190000;0.562282543125;0
"10kmE485N420";4850000;4200000;0.61;0
"10kmE485N421";4850000;4210000;0.61;0
"10kmE485N422";4850000;4220000;0.61;0
"10kmE485N423";4850000;4230000;0.61;0
"10kmE485N424";4850000;4240000;0.61;0
"10kmE485N425";4850000;4250000;0.61;0
"10kmE485N426";4850000;4260000;0.61;0
"10kmE485N427";4850000;4270000;0.61;0
"10kmE485N428";4850000;4280000;0.61;0
"10kmE485N429";4850000;4290000;0.61;0
"10kmE485N440";4850000;4400000;0.77;0
"10kmE485N441";4850000;4410000;0.77;0
"10kmE485N442";4850000;4420000;0.77;0
"10kmE485N443";4850000;4430000;0.77;0
"10kmE485N444";4850000;4440000;0.77;0
"10kmE485N445";4850000;4450000;0.77;0
"10kmE485N446";4850000;4460000;NA;0
"10kmE485N447";4850000;4470000;NA;0
"10kmE485N448";4850000;4480000;NA;0
"10kmE485N449";4850000;4490000;NA;0
"10kmE485N450";4850000;4500000;NA;0
"10kmE485N451";4850000;4510000;NA;0
"10kmE485N452";4850000;4520000;NA;0
"10kmE485N453";4850000;4530000;NA;0
"10kmE486N355";4860000;3550000;0.2878644771;0
"10kmE486N384";4860000;3840000;0.49584707968;0
"10kmE486N385";4860000;3850000;0.54741438272;0
"10kmE486N386";4860000;3860000;0.64;0
"10kmE486N387";4860000;3870000;0.62939736064;0
"10kmE486N388";4860000;3880000;0.35684771264;0
"10kmE486N389";4860000;3890000;0.0978133824;0
"10kmE486N391";4860000;3910000;0.61045669755;0
"10kmE486N394";4860000;3940000;0.54376678656;0
"10kmE486N395";4860000;3950000;0.21536074048;0
"10kmE486N406";4860000;4060000;0.8841381012;0
"10kmE486N407";4860000;4070000;0.3638440062;0
"10kmE486N408";4860000;4080000;0.0863048619;0
"10kmE486N409";4860000;4090000;0.1349489853;0
"10kmE486N410";4860000;4100000;0.70776549068;0
"10kmE486N411";4860000;4110000;0.67422513663;0
"10kmE486N412";4860000;4120000;0.61;0
"10kmE486N413";4860000;4130000;0.61;0
"10kmE486N414";4860000;4140000;0.39795232865;0
"10kmE486N415";4860000;4150000;0.364706830263333;0
"10kmE486N418";4860000;4180000;0.415424245376666;0
"10kmE486N419";4860000;4190000;0.52032210275;0
"10kmE486N420";4860000;4200000;0.53822053201;0
"10kmE486N421";4860000;4210000;0.61;0
"10kmE486N422";4860000;4220000;0.61;0
"10kmE486N423";4860000;4230000;0.61;0
"10kmE486N424";4860000;4240000;0.61;0
"10kmE486N425";4860000;4250000;0.61;0
"10kmE486N426";4860000;4260000;0.61;0
"10kmE486N427";4860000;4270000;0.61;0
"10kmE486N428";4860000;4280000;0.61;0
"10kmE486N429";4860000;4290000;0.61;0
"10kmE486N440";4860000;4400000;0.77;0
"10kmE486N441";4860000;4410000;0.77;0
"10kmE486N442";4860000;4420000;0.01;0
"10kmE486N443";4860000;4430000;0.00987151692;0
"10kmE486N444";4860000;4440000;0.00613274099;0
"10kmE486N445";4860000;4450000;0.00590462764;0
"10kmE486N446";4860000;4460000;0.00725598347;0
"10kmE486N447";4860000;4470000;0.00783327589;0
"10kmE486N448";4860000;4480000;NA;0
"10kmE486N449";4860000;4490000;NA;0
"10kmE486N450";4860000;4500000;NA;0
"10kmE486N451";4860000;4510000;NA;0
"10kmE486N452";4860000;4520000;NA;0
"10kmE486N453";4860000;4530000;NA;0
"10kmE487N352";4870000;3520000;0.10017202095;0
"10kmE487N353";4870000;3530000;0.1862877636;0
"10kmE487N354";4870000;3540000;0.1014174954;0
"10kmE487N355";4870000;3550000;0.436954572;0
"10kmE487N384";4870000;3840000;0.64;0
"10kmE487N385";4870000;3850000;0.64;0
"10kmE487N386";4870000;3860000;0.64;0
"10kmE487N387";4870000;3870000;0.64;0
"10kmE487N388";4870000;3880000;0.63999999936;0
"10kmE487N389";4870000;3890000;0.5339469536;0
"10kmE487N390";4870000;3900000;0.054015948945;0
"10kmE487N391";4870000;3910000;0.291204835425;0
"10kmE487N394";4870000;3940000;0.45605916864;0
"10kmE487N395";4870000;3950000;0.28599227072;0
"10kmE487N406";4870000;4060000;0.9;0
"10kmE487N407";4870000;4070000;0.6813796536;0
"10kmE487N408";4870000;4080000;0.336359493;0
"10kmE487N409";4870000;4090000;0.1630974303;0
"10kmE487N410";4870000;4100000;0.62153081914;0
"10kmE487N411";4870000;4110000;0.718107620355;0
"10kmE487N412";4870000;4120000;0.53122298777;0
"10kmE487N413";4870000;4130000;0.48624267906;0
"10kmE487N414";4870000;4140000;0.0495382785466666;0
"10kmE487N418";4870000;4180000;0.1866880698;0
"10kmE487N419";4870000;4190000;0.53109294396;0
"10kmE487N420";4870000;4200000;0.58668024839;0
"10kmE487N421";4870000;4210000;0.61;0
"10kmE487N422";4870000;4220000;0.61;0
"10kmE487N423";4870000;4230000;0.61;0
"10kmE487N424";4870000;4240000;0.61;0
"10kmE487N425";4870000;4250000;0.61;0
"10kmE487N426";4870000;4260000;0.61;0
"10kmE487N427";4870000;4270000;0.61;0
"10kmE487N428";4870000;4280000;0.61;0
"10kmE487N429";4870000;4290000;0.61;0
"10kmE487N440";4870000;4400000;0.77;0
"10kmE487N441";4870000;4410000;0.77;0
"10kmE487N442";4870000;4420000;0.01;0
"10kmE487N443";4870000;4430000;0.00801300049;0
"10kmE487N444";4870000;4440000;0.00174045408;0
"10kmE487N445";4870000;4450000;0.00034606371;0
"10kmE487N446";4870000;4460000;0.00079504559;0
"10kmE487N447";4870000;4470000;0.00023059365;0
"10kmE487N448";4870000;4480000;NA;0
"10kmE487N449";4870000;4490000;NA;0
"10kmE487N450";4870000;4500000;NA;0
"10kmE487N451";4870000;4510000;NA;0
"10kmE487N452";4870000;4520000;NA;0
"10kmE487N453";4870000;4530000;NA;0
"10kmE488N352";4880000;3520000;0.53988983784;0
"10kmE488N353";4880000;3530000;0.48422931624;0
"10kmE488N354";4880000;3540000;0.36492444918;0
"10kmE488N355";4880000;3550000;0.44712311256;0
"10kmE488N410";4880000;4100000;0.45122322749;0
"10kmE488N411";4880000;4110000;0.61;0
"10kmE488N412";4880000;4120000;0.47741998875;0
"10kmE488N413";4880000;4130000;0.373712369375;0
"10kmE488N414";4880000;4140000;0.0190858424433333;0
"10kmE488N415";4880000;4150000;0.333854790203333;0
"10kmE488N416";4880000;4160000;0.03469017583;0
"10kmE488N417";4880000;4170000;0.0409181082966666;0
"10kmE488N418";4880000;4180000;0.252452020625;0
"10kmE488N419";4880000;4190000;0.303238435625;0
"10kmE488N420";4880000;4200000;0.48688083361;0
"10kmE488N421";4880000;4210000;0.60999381704;0
"10kmE488N422";4880000;4220000;0.61;0
"10kmE488N423";4880000;4230000;0.61;0
"10kmE488N424";4880000;4240000;0.61;0
"10kmE488N425";4880000;4250000;0.61;0
"10kmE488N426";4880000;4260000;0.61;0
"10kmE488N427";4880000;4270000;0.61;0
"10kmE488N428";4880000;4280000;0.61;0
"10kmE488N429";4880000;4290000;0.61;0
"10kmE488N438";4880000;4380000;0.01;0
"10kmE488N439";4880000;4390000;0.01;0
"10kmE488N440";4880000;4400000;0.01;0
"10kmE488N441";4880000;4410000;0.01;0
"10kmE488N442";4880000;4420000;0.00882183612;0
"10kmE488N443";4880000;4430000;0.00484992001;0
"10kmE488N444";4880000;4440000;0.00017862297;0
"10kmE488N447";4880000;4470000;0.00194932228;0
"10kmE488N448";4880000;4480000;NA;0
"10kmE488N449";4880000;4490000;NA;0
"10kmE488N450";4880000;4500000;NA;0
"10kmE488N451";4880000;4510000;NA;0
"10kmE488N452";4880000;4520000;NA;0
"10kmE488N453";4880000;4530000;NA;0
"10kmE489N352";4890000;3520000;0.54000000054;0
"10kmE489N353";4890000;3530000;0.47835042156;0
"10kmE489N354";4890000;3540000;0.2021419503;0
"10kmE489N355";4890000;3550000;0.07721740206;0
"10kmE489N410";4890000;4100000;0.30474425811;0
"10kmE489N411";4890000;4110000;0.59455447243;0
"10kmE489N412";4890000;4120000;0.533881016875;0
"10kmE489N413";4890000;4130000;0.30459185625;0
"10kmE489N414";4890000;4140000;0.0387959973266667;0
"10kmE489N415";4890000;4150000;0.0395282991933333;0
"10kmE489N416";4890000;4160000;0.01628222062;0
"10kmE489N417";4890000;4170000;0.0815510535066666;0
"10kmE489N418";4890000;4180000;0.201130183125;0
"10kmE489N419";4890000;4190000;0.306810350625;0
"10kmE489N420";4890000;4200000;0.37718231748;0
"10kmE489N421";4890000;4210000;0.57065464986;0
"10kmE489N422";4890000;4220000;0.61;0
"10kmE489N423";4890000;4230000;0.61;0
"10kmE489N424";4890000;4240000;0.61;0
"10kmE489N425";4890000;4250000;0.61;0
"10kmE489N426";4890000;4260000;0.61;0
"10kmE489N427";4890000;4270000;0.61;0
"10kmE489N428";4890000;4280000;0.61;0
"10kmE489N429";4890000;4290000;0.61;0
"10kmE489N438";4890000;4380000;0.01;0
"10kmE489N439";4890000;4390000;0.01;0
"10kmE489N440";4890000;4400000;0.00857146584;0
"10kmE489N441";4890000;4410000;0.00539405217;0
"10kmE489N442";4890000;4420000;0.00276559234;0
"10kmE489N444";4890000;4440000;4.495803e-05;0
"10kmE489N446";4890000;4460000;9.287734e-05;0
"10kmE489N447";4890000;4470000;0.00017176892;0
"10kmE489N448";4890000;4480000;NA;0
"10kmE489N449";4890000;4490000;NA;0
"10kmE489N450";4890000;4500000;NA;0
"10kmE489N451";4890000;4510000;NA;0
"10kmE489N452";4890000;4520000;NA;0
"10kmE489N453";4890000;4530000;NA;0
"10kmE490N410";4900000;4100000;0.47771815964;0
"10kmE490N411";4900000;4110000;0.52717033077;0
"10kmE490N412";4900000;4120000;0.56882895625;0
"10kmE490N413";4900000;4130000;0.301588708125;0
"10kmE490N415";4900000;4150000;0.078814685;0
"10kmE490N416";4900000;4160000;0.262739591875;0
"10kmE490N417";4900000;4170000;0.4706730175;0
"10kmE490N418";4900000;4180000;0.156418065625;0
"10kmE490N419";4900000;4190000;0.3864822275;0
"10kmE490N420";4900000;4200000;0.13293423414;0
"10kmE490N421";4900000;4210000;0.4280537079;0
"10kmE490N422";4900000;4220000;0.31;0
"10kmE490N423";4900000;4230000;0.31;0
"10kmE490N424";4900000;4240000;0.01;0
"10kmE490N425";4900000;4250000;0.01;0
"10kmE490N426";4900000;4260000;0.01;0
"10kmE490N427";4900000;4270000;0.01;0
"10kmE490N430";4900000;4300000;0.01;0
"10kmE490N431";4900000;4310000;0.01;0
"10kmE490N432";4900000;4320000;0.01;0
"10kmE490N433";4900000;4330000;0.01;0
"10kmE490N434";4900000;4340000;0.01;0
"10kmE490N435";4900000;4350000;0.01;0
"10kmE490N436";4900000;4360000;0.01;0
"10kmE490N437";4900000;4370000;0.00810425082;0
"10kmE490N438";4900000;4380000;0.00880438887;0
"10kmE490N439";4900000;4390000;0.00791496325;0
"10kmE490N440";4900000;4400000;0.00283087834;0
"10kmE490N451";4900000;4510000;NA;0
"10kmE490N452";4900000;4520000;NA;0
"10kmE490N453";4900000;4530000;NA;0
"10kmE490N454";4900000;4540000;NA;0
"10kmE490N455";4900000;4550000;NA;0
"10kmE491N410";4910000;4100000;0.61;0
"10kmE491N411";4910000;4110000;0.61;0
"10kmE491N412";4910000;4120000;0.40518472125;0
"10kmE491N413";4910000;4130000;0.15535436625;0
"10kmE491N414";4910000;4140000;0.159724616875;0
"10kmE491N415";4910000;4150000;0.159981004375;0
"10kmE491N416";4910000;4160000;0.175434949375;0
"10kmE491N417";4910000;4170000;0.303985121875;0
"10kmE491N418";4910000;4180000;0.0730258025;0
"10kmE491N419";4910000;4190000;0.265618099375;0
"10kmE491N420";4910000;4200000;0.33925767747;0
"10kmE491N421";4910000;4210000;0.32509379833;0
"10kmE491N422";4910000;4220000;0.30465078384;0
"10kmE491N423";4910000;4230000;0.30955647091;0
"10kmE491N424";4910000;4240000;0.00939534777;0
"10kmE491N425";4910000;4250000;0.00997666069;0
"10kmE491N426";4910000;4260000;0.01;0
"10kmE491N427";4910000;4270000;0.00932295297;0
"10kmE491N430";4910000;4300000;0.01;0
"10kmE491N431";4910000;4310000;0.01;0
"10kmE491N432";4910000;4320000;0.01;0
"10kmE491N433";4910000;4330000;0.00999560006;0
"10kmE491N434";4910000;4340000;0.00821589028;0
"10kmE491N435";4910000;4350000;0.00566147658;0
"10kmE491N436";4910000;4360000;0.00766761663;0
"10kmE491N437";4910000;4370000;0.00188545302;0
"10kmE491N438";4910000;4380000;0.00011075289;0
"10kmE491N439";4910000;4390000;0.00251752438;0
"10kmE491N451";4910000;4510000;NA;0
"10kmE491N452";4910000;4520000;NA;0
"10kmE491N453";4910000;4530000;NA;0
"10kmE491N454";4910000;4540000;NA;0
"10kmE491N455";4910000;4550000;NA;0
"10kmE492N410";4920000;4100000;0.6028399664;0
"10kmE492N411";4920000;4110000;0.60907929223;0
"10kmE492N412";4920000;4120000;0.608572826875;0
"10kmE492N413";4920000;4130000;0.509847351875;0
"10kmE492N414";4920000;4140000;0.192325102425;0
"10kmE492N415";4920000;4150000;0.166106489225;0
"10kmE492N416";4920000;4160000;0.13210995436;0
"10kmE492N417";4920000;4170000;0.144465149595;0
"10kmE492N418";4920000;4180000;0.0932929887375;0
"10kmE492N419";4920000;4190000;0.03719451026;0
"10kmE492N420";4920000;4200000;0.040630674074;0
"10kmE492N421";4920000;4210000;0.145099457784;0
"10kmE492N422";4920000;4220000;0.146593041688;0
"10kmE492N423";4920000;4230000;0.151273015984;0
"10kmE492N424";4920000;4240000;0.00617190211;0
"10kmE492N425";4920000;4250000;0.00601243304;0
"10kmE492N426";4920000;4260000;0.00751814239;0
"10kmE492N427";4920000;4270000;0.00863665802;0
"10kmE492N428";4920000;4280000;0.00738522812;0
"10kmE492N429";4920000;4290000;0.00967865894;0
"10kmE492N430";4920000;4300000;0.005062142;0
"10kmE492N431";4920000;4310000;0.00737040253;0
"10kmE492N432";4920000;4320000;0.00951231653;0
"10kmE492N433";4920000;4330000;0.00520015012;0
"10kmE492N434";4920000;4340000;0.00213043954;0
"10kmE492N435";4920000;4350000;0.00094196244;0
"10kmE492N436";4920000;4360000;NA;0
"10kmE492N452";4920000;4520000;NA;0
"10kmE492N453";4920000;4530000;NA;0
"10kmE492N454";4920000;4540000;NA;0
"10kmE492N455";4920000;4550000;NA;0
"10kmE493N410";4930000;4100000;0.61;0
"10kmE493N411";4930000;4110000;0.57600785553;0
"10kmE493N412";4930000;4120000;0.282118239375;0
"10kmE493N413";4930000;4130000;0.068760143125;0
"10kmE493N414";4930000;4140000;0.0839134659425;0
"10kmE493N415";4930000;4150000;0.2958854093975;0
"10kmE493N416";4930000;4160000;0.2983969463425;0
"10kmE493N417";4930000;4170000;0.27913401111;0
"10kmE493N418";4930000;4180000;0.030047430355;0
"10kmE493N419";4930000;4190000;0.05762231423;0
"10kmE493N420";4930000;4200000;0.190180121978;0
"10kmE493N421";4930000;4210000;0.060442371878;0
"10kmE493N422";4930000;4220000;0.090616161496;0
"10kmE493N423";4930000;4230000;0.093975181384;0
"10kmE493N424";4930000;4240000;0.00050475932;0
"10kmE493N425";4930000;4250000;0.00092927387;0
"10kmE493N426";4930000;4260000;0.00096682251;0
"10kmE493N427";4930000;4270000;0.00229846834;0
"10kmE493N428";4930000;4280000;0.00042021616;0
"10kmE493N429";4930000;4290000;0.00308980632;0
"10kmE493N430";4930000;4300000;0.0008201191;0
"10kmE493N431";4930000;4310000;0.00130843923;0
"10kmE493N432";4930000;4320000;0.00122962012;0
"10kmE493N452";4930000;4520000;NA;0
"10kmE493N453";4930000;4530000;NA;0
"10kmE493N454";4930000;4540000;NA;0
"10kmE493N455";4930000;4550000;NA;0
"10kmE494N410";4940000;4100000;0.29;0
"10kmE494N411";4940000;4110000;0.20832523172;0
"10kmE494N412";4940000;4120000;0.14692810879;0
"10kmE494N413";4940000;4130000;0.1117846673;0
"10kmE494N414";4940000;4140000;0.1536625059;0
"10kmE494N415";4940000;4150000;0.22132774828;0
"10kmE494N416";4940000;4160000;0.08029536268;0
"10kmE494N417";4940000;4170000;0.06453931328;0
"10kmE494N418";4940000;4180000;0.02622122763;0
"10kmE494N419";4940000;4190000;0.03948035156;0
"10kmE494N420";4940000;4200000;0.08794763766;0
"10kmE494N421";4940000;4210000;0.00051661116;0
"10kmE494N422";4940000;4220000;0.00432259434;0
"10kmE494N423";4940000;4230000;0.00056847672;0
"10kmE495N410";4950000;4100000;0.29;0
"10kmE495N411";4950000;4110000;0.29;0
"10kmE495N412";4950000;4120000;0.21227672271;0
"10kmE495N413";4950000;4130000;0.25699153503;0
"10kmE495N414";4950000;4140000;0.17201140388;0
"10kmE495N415";4950000;4150000;0.19579213468;0
"10kmE495N416";4950000;4160000;0.08073452114;0
"10kmE495N417";4950000;4170000;0.02339455183;0
"10kmE495N418";4950000;4180000;0.02598956763;0
"10kmE495N419";4950000;4190000;0.05377235175;0
"10kmE495N420";4950000;4200000;0.10407089682;0
"10kmE495N421";4950000;4210000;0.00813886884;0
"10kmE496N410";4960000;4100000;0.13;0
"10kmE496N411";4960000;4110000;0.12964825731;0
"10kmE496N412";4960000;4120000;0.10560978233;0
"10kmE496N413";4960000;4130000;0.10314078372;0
"10kmE496N414";4960000;4140000;0.07125994863;0
"10kmE496N415";4960000;4150000;0.05448588613;0
"10kmE496N416";4960000;4160000;0.05164900832;0
"10kmE496N417";4960000;4170000;0.05015374078;0
"10kmE496N418";4960000;4180000;0.12055181208;0
"10kmE496N419";4960000;4190000;0.1488033568;0
"10kmE496N420";4960000;4200000;0.07530752908;0
"10kmE496N421";4960000;4210000;0.03162600644;0
"10kmE496N422";4960000;4220000;0.03295438468;0
"10kmE497N410";4970000;4100000;0.13;0
"10kmE497N411";4970000;4110000;0.11171865562;0
"10kmE497N412";4970000;4120000;0.04242014322;0
"10kmE497N413";4970000;4130000;0.09541763426;0
"10kmE497N414";4970000;4140000;0.06692652018;0
"10kmE497N415";4970000;4150000;0.09342250892;0
"10kmE497N416";4970000;4160000;0.0830829077;0
"10kmE497N417";4970000;4170000;0.03992193205;0
"10kmE497N418";4970000;4180000;0.15353868488;0
"10kmE497N419";4970000;4190000;0.0994063896;0
"10kmE497N420";4970000;4200000;0.00786346148;0
"10kmE497N421";4970000;4210000;0.01675222724;0
"10kmE498N372";4980000;3720000;0.735;0
"10kmE498N373";4980000;3730000;0.735;0
"10kmE498N374";4980000;3740000;0.734999999265;0
"10kmE498N375";4980000;3750000;0.71003605869;0
"10kmE498N376";4980000;3760000;0.357177519615;0
"10kmE498N377";4980000;3770000;0.57836836155;0
"10kmE498N378";4980000;3780000;0.735;0
"10kmE498N379";4980000;3790000;0.735;0
"10kmE498N380";4980000;3800000;0.735;0
"10kmE498N381";4980000;3810000;0.735;0
"10kmE498N410";4980000;4100000;0.13;0
"10kmE498N411";4980000;4110000;0.12884750437;0
"10kmE498N412";4980000;4120000;0.11431907071;0
"10kmE498N413";4980000;4130000;0.0814087781;0
"10kmE498N414";4980000;4140000;0.076163178;0
"10kmE498N415";4980000;4150000;0.11110676486;0
"10kmE498N416";4980000;4160000;0.1026826684;0
"10kmE498N417";4980000;4170000;0.00890765083;0
"10kmE498N418";4980000;4180000;0.16512872264;0
"10kmE498N419";4980000;4190000;0.104409466;0
"10kmE498N420";4980000;4200000;0.08809378536;0
"10kmE499N372";4990000;3720000;0.704413397625;0
"10kmE499N373";4990000;3730000;0.575531388705;0
"10kmE499N374";4990000;3740000;0.591478608735;0
"10kmE499N375";4990000;3750000;0.606213015555;0
"10kmE499N376";4990000;3760000;0.266932189545;0
"10kmE499N377";4990000;3770000;0.52066616784;0
"10kmE499N378";4990000;3780000;0.559543262985;0
"10kmE499N379";4990000;3790000;0.565484616375;0
"10kmE499N380";4990000;3800000;0.657145012545;0
"10kmE499N381";4990000;3810000;0.735;0
"10kmE499N410";4990000;4100000;0.13;0
"10kmE499N411";4990000;4110000;0.10738314613;0
"10kmE499N412";4990000;4120000;0.11431022447;0
"10kmE499N413";4990000;4130000;0.08967640513;0
"10kmE499N414";4990000;4140000;0.08931010413;0
"10kmE499N415";4990000;4150000;0.12327306927;0
"10kmE499N416";4990000;4160000;0.10833776915;0
"10kmE499N417";4990000;4170000;0.06484815961;0
"10kmE499N418";4990000;4180000;0.09693550132;0
"10kmE499N419";4990000;4190000;0.05983435752;0
"10kmE499N420";4990000;4200000;0.0093349704;0
"10kmE500N193";5000000;1930000;0.62;0
"10kmE500N368";5000000;3680000;0.25958922105;0
"10kmE500N369";5000000;3690000;0.10192890623;0
"10kmE500N370";5000000;3700000;0.2710465048875;0
"10kmE500N371";5000000;3710000;0.580684855475;0
"10kmE500N372";5000000;3720000;0.59685788631;0
"10kmE500N390";5000000;3900000;0.545;0
"10kmE500N391";5000000;3910000;0.545;0
"10kmE500N394";5000000;3940000;0.43;0
"10kmE500N395";5000000;3950000;0.39321303431;0
"10kmE500N396";5000000;3960000;0.13069928389;0
"10kmE500N397";5000000;3970000;0.11160772335;0
"10kmE500N398";5000000;3980000;0.26800084583;0
"10kmE500N399";5000000;3990000;0.17515771016;0
"10kmE500N400";5000000;4000000;0.43;0
"10kmE500N401";5000000;4010000;0.43;0
"10kmE500N402";5000000;4020000;0.43;0
"10kmE500N403";5000000;4030000;0.40874848066;0
"10kmE500N404";5000000;4040000;0.32760913702;0
"10kmE500N405";5000000;4050000;0.33139173737;0
"10kmE500N410";5000000;4100000;0.13;0
"10kmE500N411";5000000;4110000;0.12038792922;0
"10kmE500N412";5000000;4120000;0.08947188302;0
"10kmE500N413";5000000;4130000;0.08602266166;0
"10kmE500N414";5000000;4140000;0.0816286731;0
"10kmE500N415";5000000;4150000;0.10861794658;0
"10kmE500N416";5000000;4160000;0.1668697857;0
"10kmE500N417";5000000;4170000;0.09957959982;0
"10kmE500N418";5000000;4180000;0.0462638666;0
"10kmE500N419";5000000;4190000;0.00383761532;0
"10kmE500N420";5000000;4200000;0.01834091784;0
"10kmE501N368";5010000;3680000;0.28249800421;0
"10kmE501N369";5010000;3690000;0.24103782448;0
"10kmE501N390";5010000;3900000;0.294660320755;0
"10kmE501N391";5010000;3910000;0.529868332785;0
"10kmE501N394";5010000;3940000;0.43;0
"10kmE501N395";5010000;3950000;0.27374921741;0
"10kmE501N396";5010000;3960000;0.00055999502;0
"10kmE501N397";5010000;3970000;0.00160357621;0
"10kmE501N398";5010000;3980000;0.02437160536;0
"10kmE501N399";5010000;3990000;0.27858520295;0
"10kmE501N400";5010000;4000000;0.43;0
"10kmE501N401";5010000;4010000;0.43;0
"10kmE501N402";5010000;4020000;0.43;0
"10kmE501N403";5010000;4030000;0.36238759507;0
"10kmE501N404";5010000;4040000;0.24797851933;0
"10kmE501N405";5010000;4050000;0.42466532884;0
"10kmE501N410";5010000;4100000;0.13;0
"10kmE501N411";5010000;4110000;0.13;0
"10kmE501N412";5010000;4120000;0.12699785579;0
"10kmE501N413";5010000;4130000;0.08535674862;0
"10kmE501N414";5010000;4140000;0.05485144639;0
"10kmE501N415";5010000;4150000;0.02819862071;0
"10kmE501N416";5010000;4160000;0.03375748728;0
"10kmE501N417";5010000;4170000;0.04619504682;0
"10kmE501N418";5010000;4180000;0.04699460164;0
"10kmE501N419";5010000;4190000;0.0270809168;0
"10kmE501N420";5010000;4200000;0.07495137384;0
"10kmE502N392";5020000;3920000;0.28828407425125;0
"10kmE502N393";5020000;3930000;0.44672519887875;0
"10kmE502N394";5020000;3940000;0.4777909782525;0
"10kmE502N395";5020000;3950000;0.34654457459875;0
"10kmE502N398";5020000;3980000;0.00102575554;0
"10kmE502N399";5020000;3990000;0.36141907468;0
"10kmE502N400";5020000;4000000;0.43;0
"10kmE502N401";5020000;4010000;0.43;0
"10kmE502N402";5020000;4020000;0.40755745376;0
"10kmE502N403";5020000;4030000;0.05861538851;0
"10kmE502N404";5020000;4040000;0.13738523048;0
"10kmE502N405";5020000;4050000;0.21297386451;0
"10kmE502N406";5020000;4060000;0.42566890799;0
"10kmE502N407";5020000;4070000;0.03466400796;0
"10kmE502N410";5020000;4100000;0.10809642987;0
"10kmE502N411";5020000;4110000;0.13;0
"10kmE502N412";5020000;4120000;0.12912385356;0
"10kmE502N413";5020000;4130000;0.12213809322;0
"10kmE502N414";5020000;4140000;0.08720065107;0
"10kmE502N415";5020000;4150000;0.0530365615;0
"10kmE502N416";5020000;4160000;0.0844906599;0
"10kmE502N418";5020000;4180000;0.0625642458;0
"10kmE502N419";5020000;4190000;0.08040212376;0
"10kmE503N392";5030000;3920000;0.0958478152225;0
"10kmE503N394";5030000;3940000;0.01536902411;0
"10kmE503N395";5030000;3950000;0.0014815217175;0
"10kmE503N399";5030000;3990000;0.03571479337;0
"10kmE503N400";5030000;4000000;0.40618898521;0
"10kmE503N401";5030000;4010000;0.41246596138;0
"10kmE503N402";5030000;4020000;0.10657402467;0
"10kmE503N404";5030000;4040000;0.00654994275;0
"10kmE503N405";5030000;4050000;0.14874337131;0
"10kmE503N406";5030000;4060000;0.42214304946;0
"10kmE503N407";5030000;4070000;0.3420139504;0
"10kmE503N410";5030000;4100000;0.05881084235;0
"10kmE503N411";5030000;4110000;0.13;0
"10kmE503N412";5030000;4120000;0.13;0
"10kmE503N413";5030000;4130000;0.12629626074;0
"10kmE503N414";5030000;4140000;0.1154330242;0
"10kmE503N415";5030000;4150000;0.10783219486;0
"10kmE503N416";5030000;4160000;0.082037646;0
"10kmE503N417";5030000;4170000;0.03207595158;0
"10kmE503N418";5030000;4180000;0.01189190688;0
"10kmE503N419";5030000;4190000;0.02373764316;0
"10kmE503N420";5030000;4200000;0.03403414756;0
"10kmE504N392";5040000;3920000;0.513410008585;0
"10kmE504N393";5040000;3930000;0.16960621924;0
"10kmE504N396";5040000;3960000;0.002746155265;0
"10kmE504N400";5040000;4000000;0.27581061105;0
"10kmE504N401";5040000;4010000;0.072787130325;0
"10kmE504N402";5040000;4020000;0.011854867635;0
"10kmE504N406";5040000;4060000;0.09237706297;0
"10kmE504N407";5040000;4070000;0.42999580234;0
"10kmE504N410";5040000;4100000;0.00168723295;0
"10kmE504N411";5040000;4110000;0.08868246192;0
"10kmE504N412";5040000;4120000;0.13;0
"10kmE504N413";5040000;4130000;0.11556412075;0
"10kmE504N414";5040000;4140000;0.14076325548;0
"10kmE504N415";5040000;4150000;0.1096145352;0
"10kmE504N416";5040000;4160000;0.06316894836;0
"10kmE504N417";5040000;4170000;0.08382925488;0
"10kmE504N418";5040000;4180000;0.01908053896;0
"10kmE505N392";5050000;3920000;0.545;0
"10kmE505N393";5050000;3930000;0.53637207666;0
"10kmE505N394";5050000;3940000;0.42316249666;0
"10kmE505N395";5050000;3950000;0.09429340063;0
"10kmE505N401";5050000;4010000;0.00494115219;0
"10kmE505N402";5050000;4020000;0.01732022838;0
"10kmE505N403";5050000;4030000;0.041954383575;0
"10kmE505N405";5050000;4050000;0.004136041;0
"10kmE505N406";5050000;4060000;0.09685884203;0
"10kmE505N407";5050000;4070000;0.43;0
"10kmE505N411";5050000;4110000;0.06787782716;0
"10kmE505N412";5050000;4120000;0.13;0
"10kmE505N413";5050000;4130000;0.12898664857;0
"10kmE505N414";5050000;4140000;0.12976598646;0
"10kmE505N415";5050000;4150000;0.03175442946;0
"10kmE505N416";5050000;4160000;0.046437328;0
"10kmE506N394";5060000;3940000;0.545;0
"10kmE506N395";5060000;3950000;0.171753529595;0
"10kmE506N403";5060000;4030000;0.05104058388;0
"10kmE506N404";5060000;4040000;0.03753987354;0
"10kmE506N405";5060000;4050000;0.02446365285;0
"10kmE506N406";5060000;4060000;0.15379489392;0
"10kmE506N407";5060000;4070000;0.36949242057;0
"10kmE506N408";5060000;4080000;0.4795804437375;0
"10kmE506N409";5060000;4090000;0.0299233369575;0
"10kmE506N412";5060000;4120000;0.12008541051;0
"10kmE506N413";5060000;4130000;0.12197053024;0
"10kmE506N414";5060000;4140000;0.14671366758;0
"10kmE506N415";5060000;4150000;0.05077813104;0
"10kmE506N416";5060000;4160000;0.02896899236;0
"10kmE506N539";5060000;5390000;0.546666666666667;0
"10kmE507N394";5070000;3940000;0.545;0
"10kmE507N395";5070000;3950000;0.482861617355;0
"10kmE507N396";5070000;3960000;0.23761871271;0
"10kmE507N397";5070000;3970000;0.10421548751;0
"10kmE507N398";5070000;3980000;0.004407900595;0
"10kmE507N403";5070000;4030000;0.00625471014;0
"10kmE507N404";5070000;4040000;0.006415807905;0
"10kmE507N405";5070000;4050000;0.003647173725;0
"10kmE507N406";5070000;4060000;0.0236882528;0
"10kmE507N407";5070000;4070000;0.27865443252;0
"10kmE507N408";5070000;4080000;0.3868620779275;0
"10kmE507N409";5070000;4090000;0.3218257826525;0
"10kmE507N412";5070000;4120000;0.08174475231;0
"10kmE507N413";5070000;4130000;0.12015009227;0
"10kmE507N414";5070000;4140000;0.14408976654;0
"10kmE507N415";5070000;4150000;0.05078934684;0
"10kmE507N416";5070000;4160000;0.01516469164;0
"10kmE507N417";5070000;4170000;0.0468506234;0
"10kmE508N389";5080000;3890000;0.2770906526;0
"10kmE508N392";5080000;3920000;0.545;0
"10kmE508N393";5080000;3930000;0.545;0
"10kmE508N394";5080000;3940000;0.545;0
"10kmE508N395";5080000;3950000;0.545;0
"10kmE508N396";5080000;3960000;0.545;0
"10kmE508N397";5080000;3970000;0.401964966365;0
"10kmE508N398";5080000;3980000;0.0810151438;0
"10kmE508N399";5080000;3990000;0.02179541982;0
"10kmE508N400";5080000;4000000;0.00186694214666667;0
"10kmE508N404";5080000;4040000;0.0017234711;0
"10kmE508N405";5080000;4050000;0.00229228172;0
"10kmE508N406";5080000;4060000;0.001873796535;0
"10kmE508N407";5080000;4070000;0.09456029739;0
"10kmE508N408";5080000;4080000;0.33541583959625;0
"10kmE508N409";5080000;4090000;0.362284407345;0
"10kmE508N410";5080000;4100000;0.072007740225;0
"10kmE508N412";5080000;4120000;0.01499654481;0
"10kmE508N413";5080000;4130000;0.12998915514;0
"10kmE508N414";5080000;4140000;0.1621291788;0
"10kmE508N415";5080000;4150000;0.09496504782;0
"10kmE508N416";5080000;4160000;0.05237029368;0
"10kmE508N417";5080000;4170000;0.00479451906;0
"10kmE509N388";5090000;3880000;0.16290445669;0
"10kmE509N389";5090000;3890000;0.45391865155;0
"10kmE509N392";5090000;3920000;0.543902779295;0
"10kmE509N393";5090000;3930000;0.53334127934;0
"10kmE509N394";5090000;3940000;0.545;0
"10kmE509N395";5090000;3950000;0.545;0
"10kmE509N396";5090000;3960000;0.545;0
"10kmE509N397";5090000;3970000;0.545;0
"10kmE509N398";5090000;3980000;0.51465972901;0
"10kmE509N399";5090000;3990000;0.141204683835;0
"10kmE509N400";5090000;4000000;0.02180224532;0
"10kmE509N401";5090000;4010000;0.0524767702533333;0
"10kmE509N402";5090000;4020000;0.08297808108;0
"10kmE509N406";5090000;4060000;0.0056654091;0
"10kmE509N407";5090000;4070000;0.014223845025;0
"10kmE509N408";5090000;4080000;0.09289462126875;0
"10kmE509N409";5090000;4090000;0.4406163948375;0
"10kmE509N410";5090000;4100000;0.3164772863625;0
"10kmE509N411";5090000;4110000;0.04723712055;0
"10kmE509N412";5090000;4120000;0.00979207931;0
"10kmE509N413";5090000;4130000;0.08533331404;0
"10kmE509N414";5090000;4140000;0.16157816784;0
"10kmE509N415";5090000;4150000;0.09439236;0
"10kmE509N416";5090000;4160000;0.06519493188;0
"10kmE509N417";5090000;4170000;0.01626489432;0
"10kmE510N388";5100000;3880000;0.35541004401;0
"10kmE510N389";5100000;3890000;0.47;0
"10kmE510N392";5100000;3920000;0.22918453033;0
"10kmE510N393";5100000;3930000;0.376486924865;0
"10kmE510N394";5100000;3940000;0.545;0
"10kmE510N395";5100000;3950000;0.545;0
"10kmE510N396";5100000;3960000;0.545;0
"10kmE510N397";5100000;3970000;0.545;0
"10kmE510N398";5100000;3980000;0.545;0
"10kmE510N399";5100000;3990000;0.53675648151;0
"10kmE510N400";5100000;4000000;0.5503786210125;0
"10kmE510N401";5100000;4010000;0.37359426556375;0
"10kmE510N402";5100000;4020000;0.06632139148;0
"10kmE510N403";5100000;4030000;0.01267696516;0
"10kmE510N404";5100000;4040000;0.01308603864;0
"10kmE510N409";5100000;4090000;0.3356817851625;0
"10kmE510N410";5100000;4100000;0.5690612085375;0
"10kmE510N411";5100000;4110000;0.328518676425;0
"10kmE510N412";5100000;4120000;0.102778541775;0
"10kmE510N413";5100000;4130000;0.1299217789875;0
"10kmE510N414";5100000;4140000;0.13;0
"10kmE510N415";5100000;4150000;0.1211471118;0
"10kmE510N416";5100000;4160000;0.13911003576;0
"10kmE510N417";5100000;4170000;0.1118704095;0
"10kmE510N418";5100000;4180000;0.04302507078;0
"10kmE511N386";5110000;3860000;0.04774899717;0
"10kmE511N387";5110000;3870000;0.2018885094;0
"10kmE511N388";5110000;3880000;0.46368560452;0
"10kmE511N389";5110000;3890000;0.47;0
"10kmE511N392";5110000;3920000;0.44179488254;0
"10kmE511N393";5110000;3930000;0.54478589348;0
"10kmE511N394";5110000;3940000;0.545;0
"10kmE511N395";5110000;3950000;0.545;0
"10kmE511N396";5110000;3960000;0.545;0
"10kmE511N397";5110000;3970000;0.545;0
"10kmE511N398";5110000;3980000;0.545;0
"10kmE511N399";5110000;3990000;0.53802781064;0
"10kmE511N400";5110000;4000000;0.6338313146025;0
"10kmE511N401";5110000;4010000;0.066981254025;0
"10kmE511N410";5110000;4100000;0.1414273809;0
"10kmE511N411";5110000;4110000;0.43805614365;0
"10kmE511N412";5110000;4120000;0.0565193424;0
"10kmE511N413";5110000;4130000;0.374229267525;0
"10kmE511N414";5110000;4140000;0.11157657693;0
"10kmE511N415";5110000;4150000;0.13;0
"10kmE511N416";5110000;4160000;0.14277894714;0
"10kmE511N417";5110000;4170000;0.12144741534;0
"10kmE511N418";5110000;4180000;0.05873983416;0
"10kmE511N419";5110000;4190000;0.00650590956;0
"10kmE512N390";5120000;3900000;0.545;0
"10kmE512N391";5120000;3910000;0.545;0
"10kmE512N392";5120000;3920000;0.545;0
"10kmE512N393";5120000;3930000;0.545;0
"10kmE512N394";5120000;3940000;0.545;0
"10kmE512N395";5120000;3950000;0.545;0
"10kmE512N396";5120000;3960000;0.545;0
"10kmE512N397";5120000;3970000;0.545;0
"10kmE512N398";5120000;3980000;0.453016628195;0
"10kmE512N399";5120000;3990000;0.237462913015;0
"10kmE512N410";5120000;4100000;0.009895197225;0
"10kmE512N411";5120000;4110000;0.5357920929375;0
"10kmE512N412";5120000;4120000;0.4383669523125;0
"10kmE512N413";5120000;4130000;0.123317279625;0
"10kmE512N414";5120000;4140000;0.0225573758625;0
"10kmE512N415";5120000;4150000;0.277432134525;0
"10kmE512N416";5120000;4160000;0.26881146062;0
"10kmE512N417";5120000;4170000;0.15436162554;0
"10kmE512N418";5120000;4180000;0.0400398880342857;0
"10kmE513N390";5130000;3900000;0.545;0
"10kmE513N391";5130000;3910000;0.545;0
"10kmE513N392";5130000;3920000;0.545;0
"10kmE513N393";5130000;3930000;0.545;0
"10kmE513N394";5130000;3940000;0.545;0
"10kmE513N395";5130000;3950000;0.545;0
"10kmE513N396";5130000;3960000;0.53231224631;0
"10kmE513N397";5130000;3970000;0.335908497515;0
"10kmE513N398";5130000;3980000;0.36182463563;0
"10kmE513N399";5130000;3990000;0.097556235515;0
"10kmE513N411";5130000;4110000;0.5122644694875;0
"10kmE513N412";5130000;4120000;0.511753835175;0
"10kmE513N413";5130000;4130000;0.5291278815;0
"10kmE513N414";5130000;4140000;0.4164659101125;0
"10kmE513N416";5130000;4160000;0.3230909262;0
"10kmE513N417";5130000;4170000;0.2891056584;0
"10kmE513N418";5130000;4180000;0.260229394102857;0
"10kmE513N419";5130000;4190000;0.116544168925714;0
"10kmE513N420";5130000;4200000;0.050308546285;0
"10kmE514N390";5140000;3900000;0.545;0
"10kmE514N391";5140000;3910000;0.545;0
"10kmE514N392";5140000;3920000;0.545;0
"10kmE514N393";5140000;3930000;0.545;0
"10kmE514N394";5140000;3940000;0.545;0
"10kmE514N395";5140000;3950000;0.545;0
"10kmE514N396";5140000;3960000;0.379765191425;0
"10kmE514N397";5140000;3970000;0.064471922225;0
"10kmE514N398";5140000;3980000;0.1741671425;0
"10kmE514N399";5140000;3990000;0.0001937225;0
"10kmE514N412";5140000;4120000;0.322314179625;0
"10kmE514N413";5140000;4130000;0.4645804410375;0
"10kmE514N414";5140000;4140000;0.261749170425;0
"10kmE514N418";5140000;4180000;0.368022336;0
"10kmE514N419";5140000;4190000;0.34320770175;0
"10kmE514N420";5140000;4200000;0.18296933191;0
"10kmE515N390";5150000;3900000;0.545;0
"10kmE515N391";5150000;3910000;0.545;0
"10kmE515N392";5150000;3920000;0.545;0
"10kmE515N393";5150000;3930000;0.545;0
"10kmE515N394";5150000;3940000;0.544999999455;0
"10kmE515N395";5150000;3950000;0.545;0
"10kmE515N396";5150000;3960000;0.545;0
"10kmE515N397";5150000;3970000;0.33645956827;0
"10kmE515N398";5150000;3980000;0.154867399375;0
"10kmE515N399";5150000;3990000;0.135224706875;0
"10kmE515N400";5150000;4000000;0.127662807925;0
"10kmE515N412";5150000;4120000;0.1695616832625;0
"10kmE515N413";5150000;4130000;0.3957178587;0
"10kmE515N414";5150000;4140000;0.236290651275;0
"10kmE515N415";5150000;4150000;0.0748895271;0
"10kmE515N418";5150000;4180000;0.33238009125;0
"10kmE515N419";5150000;4190000;0.306325390875;0
"10kmE515N420";5150000;4200000;0.21936831517;0
"10kmE515N421";5150000;4210000;0.06864156239;0
"10kmE516N388";5160000;3880000;0.47;0
"10kmE516N389";5160000;3890000;0.47;0
"10kmE516N390";5160000;3900000;0.47;0
"10kmE516N391";5160000;3910000;0.47;0
"10kmE516N392";5160000;3920000;0.46918942108;0
"10kmE516N393";5160000;3930000;0.40574515837;0
"10kmE516N394";5160000;3940000;0.4299991426325;0
"10kmE516N395";5160000;3950000;0.497472525725;0
"10kmE516N396";5160000;3960000;0.5365060006;0
"10kmE516N397";5160000;3970000;0.535239767765;0
"10kmE516N398";5160000;3980000;0.602772405;0
"10kmE516N399";5160000;3990000;0.47778825375;0
"10kmE516N400";5160000;4000000;0.2956687010875;0
"10kmE516N413";5160000;4130000;0.3071546043;0
"10kmE516N414";5160000;4140000;0.437777269275;0
"10kmE516N415";5160000;4150000;0.0780276788625;0
"10kmE516N416";5160000;4160000;0.099141242175;0
"10kmE516N417";5160000;4170000;0.5366691424875;0
"10kmE516N418";5160000;4180000;0.373609230375;0
"10kmE516N419";5160000;4190000;0.31767050325;0
"10kmE516N420";5160000;4200000;0.372335685225;0
"10kmE516N421";5160000;4210000;0.20786893044;0
"10kmE516N422";5160000;4220000;0.03187593829;0
"10kmE517N388";5170000;3880000;0.46999999953;0
"10kmE517N389";5170000;3890000;0.46089873435;0
"10kmE517N390";5170000;3900000;0.4151510423;0
"10kmE517N391";5170000;3910000;0.38826252043;0
"10kmE517N392";5170000;3920000;0.39680604178;0
"10kmE517N393";5170000;3930000;0.15988801643;0
"10kmE517N413";5170000;4130000;0.2929846215;0
"10kmE517N414";5170000;4140000;0.50035585155;0
"10kmE517N415";5170000;4150000;0.016357738725;0
"10kmE517N417";5170000;4170000;0.2688248097;0
"10kmE517N418";5170000;4180000;0.374730753;0
"10kmE517N419";5170000;4190000;0.278086855125;0
"10kmE517N420";5170000;4200000;0.406989890235;0
"10kmE517N421";5170000;4210000;0.18304858196;0
"10kmE517N422";5170000;4220000;0.077232843195;0
"10kmE517N423";5170000;4230000;0.017537430865;0
"10kmE518N388";5180000;3880000;0.29820414723;0
"10kmE518N389";5180000;3890000;0.27240801111;0
"10kmE518N413";5180000;4130000;0.037998464175;0
"10kmE518N414";5180000;4140000;0.5577778550625;0
"10kmE518N415";5180000;4150000;0.385915988925;0
"10kmE518N417";5180000;4170000;2.939625e-08;0
"10kmE518N418";5180000;4180000;0.347045463;0
"10kmE518N419";5180000;4190000;0.373446048;0
"10kmE518N420";5180000;4200000;0.437392898995;0
"10kmE518N421";5180000;4210000;0.382159762435;0
"10kmE518N422";5180000;4220000;0.072222153875;0
"10kmE518N423";5180000;4230000;0.049225730455;0
"10kmE519N413";5190000;4130000;0.1812882924;0
"10kmE519N414";5190000;4140000;0.5986086495;0
"10kmE519N415";5190000;4150000;0.4217024664375;0
"10kmE519N416";5190000;4160000;0.28759755448125;0
"10kmE519N418";5190000;4180000;0.34211055375;0
"10kmE519N419";5190000;4190000;0.375;0
"10kmE519N420";5190000;4200000;0.44291567518;0
"10kmE519N421";5190000;4210000;0.393322962125;0
"10kmE519N422";5190000;4220000;0.123421715205;0
"10kmE519N423";5190000;4230000;0.03899761861;0
"10kmE519N424";5190000;4240000;0.007714887975;0
"10kmE520N415";5200000;4150000;0.13421486446875;0
"10kmE520N416";5200000;4160000;0.245033018175;0
"10kmE520N420";5200000;4200000;0.375;0
"10kmE520N421";5200000;4210000;0.3450603975;0
"10kmE520N422";5200000;4220000;0.298920092525;0
"10kmE520N423";5200000;4230000;0.104488475535;0
"10kmE520N424";5200000;4240000;0.11332826659;0
"10kmE521N415";5210000;4150000;0.24647508478125;0
"10kmE521N416";5210000;4160000;0.661672800525;0
"10kmE521N417";5210000;4170000;0.254723685975;0
"10kmE521N420";5210000;4200000;0.356849456625;0
"10kmE521N421";5210000;4210000;0.374718111375;0
"10kmE521N422";5210000;4220000;0.440471548725;0
"10kmE521N423";5210000;4230000;0.34693105397;0
"10kmE521N424";5210000;4240000;0.17901531556;0
"10kmE522N415";5220000;4150000;0.1137071694;0
"10kmE522N416";5220000;4160000;0.72073263735;0
"10kmE522N417";5220000;4170000;0.3390688818;0
"10kmE522N418";5220000;4180000;0.1557048537;0
"10kmE522N419";5220000;4190000;0.334312647075;0
"10kmE522N422";5220000;4220000;0.369820179;0
"10kmE522N423";5220000;4230000;0.333253978875;0
"10kmE522N424";5220000;4240000;0.22319151754;0
"10kmE522N425";5220000;4250000;0.05017865835;0
"10kmE523N415";5230000;4150000;0.163640882625;0
"10kmE523N416";5230000;4160000;0.820778081475;0
"10kmE523N417";5230000;4170000;0.352579023225;0
"10kmE523N418";5230000;4180000;0.187316214525;0
"10kmE523N422";5230000;4220000;0.37165790475;0
"10kmE523N423";5230000;4230000;0.362804859375;0
"10kmE523N424";5230000;4240000;0.38765711844;0
"10kmE523N425";5230000;4250000;0.20865677891;0
"10kmE523N426";5230000;4260000;0.02903661361;0
"10kmE524N415";5240000;4150000;0.376566427875;0
"10kmE524N416";5240000;4160000;0.825;0
"10kmE524N417";5240000;4170000;0.6842307516;0
"10kmE524N418";5240000;4180000;0.018852161625;0
"10kmE524N419";5240000;4190000;0.2355905112;0
"10kmE524N422";5240000;4220000;0.356997290625;0
"10kmE524N423";5240000;4230000;0.368972376375;0
"10kmE524N424";5240000;4240000;0.425903079985;0
"10kmE524N425";5240000;4250000;0.337771806315;0
"10kmE524N426";5240000;4260000;0.04465927974;0
"10kmE524N427";5240000;4270000;0.002238881775;0
"10kmE525N415";5250000;4150000;0.180973294425;0
"10kmE525N416";5250000;4160000;0.766748814975;0
"10kmE525N417";5250000;4170000;0.702205641225;0
"10kmE525N418";5250000;4180000;0.144443320725;0
"10kmE525N419";5250000;4190000;0.33933117405;0
"10kmE525N422";5250000;4220000;0.334838260875;0
"10kmE525N423";5250000;4230000;0.346989385125;0
"10kmE525N424";5250000;4240000;0.391981607525;0
"10kmE525N425";5250000;4250000;0.32951197842;0
"10kmE525N426";5250000;4260000;0.239847697105;0
"10kmE525N427";5250000;4270000;0.12022186394;0
"10kmE526N415";5260000;4150000;0.108941805225;0
"10kmE526N416";5260000;4160000;0.8135898606;0
"10kmE526N417";5260000;4170000;0.60106988865;0
"10kmE526N422";5260000;4220000;0.293978149875;0
"10kmE526N423";5260000;4230000;0.35729111025;0
"10kmE526N424";5260000;4240000;0.318567280125;0
"10kmE526N425";5260000;4250000;0.361420558125;0
"10kmE526N426";5260000;4260000;0.32026561089;0
"10kmE526N427";5260000;4270000;0.21825227564;0
"10kmE527N415";5270000;4150000;0.5045219652;0
"10kmE527N416";5270000;4160000;0.825;0
"10kmE527N417";5270000;4170000;0.523722697575;0
"10kmE527N422";5270000;4220000;0.03475787175;0
"10kmE527N423";5270000;4230000;0.12253723725;0
"10kmE527N424";5270000;4240000;0.36329950125;0
"10kmE527N425";5270000;4250000;0.290322618375;0
"10kmE527N426";5270000;4260000;0.32414367019;0
"10kmE527N427";5270000;4270000;0.12046235084;0
"10kmE528N415";5280000;4150000;0.4861354146;0
"10kmE528N424";5280000;4240000;0.35713229625;0
"10kmE528N425";5280000;4250000;0.3452708895;0
"10kmE528N426";5280000;4260000;0.404181667895;0
"10kmE528N427";5280000;4270000;0.19558571025;0
"10kmE528N428";5280000;4280000;0.00740605535;0
"10kmE529N415";5290000;4150000;0.142622497875;0
"10kmE529N424";5290000;4240000;0.362741909625;0
"10kmE529N425";5290000;4250000;0.366686479125;0
"10kmE529N426";5290000;4260000;0.43499064437;0
"10kmE529N427";5290000;4270000;0.236547064465;0
"10kmE529N428";5290000;4280000;0.25050250445;0
"10kmE530N416";5300000;4160000;0.730080452475;0
"10kmE530N417";5300000;4170000;0.825;0
"10kmE531N416";5310000;4160000;0.734449800975;0
"10kmE531N417";5310000;4170000;0.825;0
"10kmE532N416";5320000;4160000;0.765007946175;0
"10kmE532N417";5320000;4170000;0.825;0
"10kmE533N177";5330000;1770000;0.71;0
"10kmE533N416";5330000;4160000;0.779577700275;0
"10kmE533N417";5330000;4170000;0.7850104515;0
"10kmE534N177";5340000;1770000;0.66;0
"10kmE540N179";5400000;1790000;0.53;0
"10kmE541N179";5410000;1790000;0.53;0
"10kmE541N200";5410000;2000000;0.48;0
"10kmE547N173";5470000;1730000;0.335;0
"10kmE549N173";5490000;1730000;0.335;0
"10kmE549N175";5490000;1750000;0.335;0
"10kmE549N202";5490000;2020000;0.47;0
"10kmE550N174";5500000;1740000;0.3525;0
"10kmE550N175";5500000;1750000;0.3525;0
"10kmE555N209";5550000;2090000;0.65;0
"10kmE562N198";5620000;1980000;0.695;0
"10kmE563N198";5630000;1980000;0.695;0
"10kmE563N199";5630000;1990000;0.695;0
NA;NA;NA;NA;0
