"CellCode";"EofOrigin.x";"NofOrigin.x";"final_capacity";"area_covered";"total_indicators"
"10kmE264N199";2640000;1990000;0.15;1;2
"10kmE266N183";2660000;1830000;0.15;1;2
"10kmE276N225";2760000;2250000;0.15;1;2
"10kmE276N226";2760000;2260000;0.15;1;2
"10kmE298N344";2980000;3440000;0.21;1;2
"10kmE298N345";2980000;3450000;0.21;1;2
"10kmE299N344";2990000;3440000;0.21;1;2
"10kmE305N241";3050000;2410000;0.63;1;8
"10kmE305N333";3050000;3330000;0.54;1;2
"10kmE306N333";3060000;3330000;0.54;1;2
"10kmE307N240";3070000;2400000;0.63;1;8
"10kmE307N333";3070000;3330000;0.54;1;2
"10kmE309N363";3090000;3630000;0.21;1;2
"10kmE310N334";3100000;3340000;0.375;1;4
"10kmE311N334";3110000;3340000;0.375;1;4
"10kmE315N236";3150000;2360000;0.5925;1;8
"10kmE315N335";3150000;3350000;0.375;1;4
"10kmE316N335";3160000;3350000;0.375;1;4
"10kmE317N335";3170000;3350000;0.375;1;4
"10kmE321N313";3210000;3130000;0.54;1;2
"10kmE322N313";3220000;3130000;0.54;1;2
"10kmE323N287";3230000;2870000;0.325;1;4
"10kmE323N289";3230000;2890000;0.5;1;2
"10kmE323N309";3230000;3090000;0.54;1;2
"10kmE324N387";3240000;3870000;0.21;1;2
"10kmE325N387";3250000;3870000;0.21;1;2
"10kmE326N315";3260000;3150000;0.54;1;2
"10kmE326N389";3260000;3890000;0.21;1;2
"10kmE326N390";3260000;3900000;0.21;1;2
"10kmE326N391";3260000;3910000;0.21;1;2
"10kmE327N234";3270000;2340000;0.63;1;8
"10kmE327N328";3270000;3280000;0.54;1;2
"10kmE327N391";3270000;3910000;0.21;1;2
"10kmE327N393";3270000;3930000;0.21;1;2
"10kmE327N394";3270000;3940000;0.21;1;2
"10kmE327N395";3270000;3950000;0.21;1;2
"10kmE327N396";3270000;3960000;0.21;1;2
"10kmE327N397";3270000;3970000;0.21;1;2
"10kmE328N392";3280000;3920000;0.21;1;2
"10kmE328N393";3280000;3930000;0.21;1;2
"10kmE328N394";3280000;3940000;0.21;1;2
"10kmE328N395";3280000;3950000;0.21;1;2
"10kmE328N396";3280000;3960000;0.21;1;2
"10kmE328N397";3280000;3970000;0.21;1;2
"10kmE329N316";3290000;3160000;0.54;1;2
"10kmE329N375";3290000;3750000;0.21;1;2
"10kmE329N394";3290000;3940000;0.21;1;2
"10kmE329N395";3290000;3950000;0.21;1;2
"10kmE329N397";3290000;3970000;0.21;1;2
"10kmE329N398";3290000;3980000;0.21;1;2
"10kmE329N402";3290000;4020000;0.21;1;2
"10kmE329N403";3290000;4030000;0.21;1;2
"10kmE330N283";3300000;2830000;0.15;1;2
"10kmE330N318";3300000;3180000;0.54;1;2
"10kmE330N375";3300000;3750000;0.21;1;2
"10kmE330N376";3300000;3760000;0.21;1;2
"10kmE330N384";3300000;3840000;0.21;1;2
"10kmE330N385";3300000;3850000;0.21;1;2
"10kmE330N398";3300000;3980000;0.21;1;2
"10kmE330N399";3300000;3990000;0.21;1;2
"10kmE330N403";3300000;4030000;0.21;1;2
"10kmE331N380";3310000;3800000;0.21;1;2
"10kmE331N388";3310000;3880000;0.21;1;2
"10kmE331N398";3310000;3980000;0.21;1;2
"10kmE331N399";3310000;3990000;0.21;1;2
"10kmE331N400";3310000;4000000;0.21;1;2
"10kmE332N232";3320000;2320000;0.63;1;8
"10kmE332N277";3320000;2770000;0.15;1;2
"10kmE332N278";3320000;2780000;0.15;1;2
"10kmE332N279";3320000;2790000;0.15;1;2
"10kmE332N280";3320000;2800000;0.15;1;2
"10kmE332N398";3320000;3980000;0.21;1;2
"10kmE332N399";3320000;3990000;0.21;1;2
"10kmE332N401";3320000;4010000;0.21;1;2
"10kmE333N310";3330000;3100000;0.5;1;2
"10kmE333N311";3330000;3110000;0.5;1;2
"10kmE333N321";3330000;3210000;0.54;1;2
"10kmE333N369";3330000;3690000;0.21;1;2
"10kmE333N382";3330000;3820000;0.21;1;2
"10kmE334N310";3340000;3100000;0.5;1;2
"10kmE334N340";3340000;3400000;0.21;1;2
"10kmE334N380";3340000;3800000;0.21;1;2
"10kmE335N346";3350000;3460000;0.21;1;2
"10kmE335N403";3350000;4030000;0.21;1;2
"10kmE336N275";3360000;2750000;0.15;1;2
"10kmE336N322";3360000;3220000;0.54;1;2
"10kmE336N385";3360000;3850000;0.21;1;2
"10kmE336N403";3360000;4030000;0.21;1;2
"10kmE337N270";3370000;2700000;0.15;1;2
"10kmE337N271";3370000;2710000;0.15;1;2
"10kmE337N272";3370000;2720000;0.15;1;2
"10kmE337N322";3370000;3220000;0.54;1;2
"10kmE338N271";3380000;2710000;0.15;1;2
"10kmE338N272";3380000;2720000;0.15;1;2
"10kmE338N321";3380000;3210000;0.54;1;2
"10kmE338N322";3380000;3220000;0.54;1;2
"10kmE339N321";3390000;3210000;0.54;1;2
"10kmE339N322";3390000;3220000;0.54;1;2
"10kmE340N314";3400000;3140000;0.5;1;2
"10kmE340N322";3400000;3220000;0.54;1;2
"10kmE341N314";3410000;3140000;0.5;1;2
"10kmE341N322";3410000;3220000;0.54;1;2
"10kmE342N264";3420000;2640000;0.15;1;2
"10kmE351N312";3510000;3120000;0.5;1;2
"10kmE352N311";3520000;3110000;0.5;1;2
"10kmE358N407";3580000;4070000;0.36;1;2
"10kmE358N408";3580000;4080000;0.36;1;2
"10kmE359N405";3590000;4050000;0.36;1;2
"10kmE360N406";3600000;4060000;0.36;1;2
"10kmE361N407";3610000;4070000;0.36;1;2
"10kmE364N311";3640000;3110000;0.5;1;2
"10kmE364N312";3640000;3120000;0.5;1;2
"10kmE365N312";3650000;3120000;0.5;1;2
"10kmE366N312";3660000;3120000;0.5;1;2
"10kmE369N416";3690000;4160000;0.36;1;2
"10kmE369N417";3690000;4170000;0.36;1;2
"10kmE395N224";3950000;2240000;0.636666666666667;1;3
"10kmE402N222";4020000;2220000;0.79;1;1
"10kmE405N226";4050000;2260000;0.72;1;1
"10kmE416N177";4160000;1770000;0.75;1;1
"10kmE417N176";4170000;1760000;0.75;1;1
"10kmE420N370";4200000;3700000;0.39;1;1
"10kmE420N371";4200000;3710000;0.39;1;1
"10kmE420N372";4200000;3720000;0.39;1;1
"10kmE420N373";4200000;3730000;0.39;1;1
"10kmE420N374";4200000;3740000;0.39;1;1
"10kmE420N375";4200000;3750000;0.39;1;1
"10kmE421N375";4210000;3750000;0.39;1;1
"10kmE422N371";4220000;3710000;0.39;1;1
"10kmE422N376";4220000;3760000;0.39;1;1
"10kmE422N377";4220000;3770000;0.39;1;1
"10kmE423N377";4230000;3770000;0.39;1;1
"10kmE424N202";4240000;2020000;0.66;1;1
"10kmE424N203";4240000;2030000;0.66;1;1
"10kmE425N202";4250000;2020000;0.66;1;1
"10kmE427N204";4270000;2040000;0.645;1;2
"10kmE427N205";4270000;2050000;0.645;1;2
"10kmE427N221";4270000;2210000;0.68;1;1
"10kmE428N352";4280000;3520000;0.322;0.210435171;15
"10kmE428N354";4280000;3540000;0.223333333333333;0.431378513;9
"10kmE429N352";4290000;3520000;0.322;0.280651396;15
"10kmE429N353";4290000;3530000;0.322;0.055942096;10
"10kmE429N354";4290000;3540000;0.223333333333333;0.354697363;9
"10kmE429N355";4290000;3550000;0.223333333333333;0.349670758;9
"10kmE429N356";4290000;3560000;0.183333333333333;0.517512139;9
"10kmE429N359";4290000;3590000;0.2225;0.0946014;8
"10kmE429N360";4290000;3600000;0.205;0.015900718;2
"10kmE430N351";4300000;3510000;0.463333333333333;0.027296157;3
"10kmE430N352";4300000;3520000;0.395;0.521625885;24
"10kmE430N353";4300000;3530000;0.395;0.345717427;18
"10kmE430N354";4300000;3540000;0.26;0.317934468;6
"10kmE430N355";4300000;3550000;0.26;0.44556803;9
"10kmE430N356";4300000;3560000;0.39;0.635839531;12
"10kmE430N357";4300000;3570000;0.39;0.015214379;12
"10kmE430N358";4300000;3580000;0.243333333333333;0.182226685;9
"10kmE430N359";4300000;3590000;0.243333333333333;0.237342638;9
"10kmE430N360";4300000;3600000;0.22;0.236599876;16
"10kmE430N361";4300000;3610000;0.22;0.092329323;8
"10kmE430N362";4300000;3620000;0.193333333333333;0.14068361;6
"10kmE431N232";4310000;2320000;0.65;1;1
"10kmE431N348";4310000;3480000;0.26;0.480449761;3
"10kmE431N351";4310000;3510000;0.463333333333333;0.09937151;9
"10kmE431N352";4310000;3520000;0.395;0.411940133;24
"10kmE431N353";4310000;3530000;0.395;0.234803144;12
"10kmE431N354";4310000;3540000;0.26;0.193094776;9
"10kmE431N355";4310000;3550000;0.26;0.471628362;9
"10kmE431N356";4310000;3560000;0.39;0.313265099;12
"10kmE431N357";4310000;3570000;0.39;0.015915651;4
"10kmE431N358";4310000;3580000;0.243333333333333;0.154554078;3
"10kmE431N360";4310000;3600000;0.22;0.148439356;12
"10kmE431N361";4310000;3610000;0.22;0.226036687;12
"10kmE431N362";4310000;3620000;0.193333333333333;0.147218698;6
"10kmE431N364";4310000;3640000;0.19;0.102015484;1
"10kmE432N218";4320000;2180000;0.62;1;1
"10kmE432N219";4320000;2190000;0.62;1;1
"10kmE432N348";4320000;3480000;0.5;0.313449684;9
"10kmE432N349";4320000;3490000;0.5;0.581255661;9
"10kmE432N350";4320000;3500000;0.446666666666667;0.317988265;9
"10kmE432N351";4320000;3510000;0.446666666666667;0.449727339;9
"10kmE432N352";4320000;3520000;0.4325;0.339897186;12
"10kmE432N353";4320000;3530000;0.4325;0.097490284;12
"10kmE432N354";4320000;3540000;0.46;0.131615828;9
"10kmE432N355";4320000;3550000;0.46;0.379663596;9
"10kmE432N361";4320000;3610000;0.223333333333333;0.305098785;9
"10kmE432N362";4320000;3620000;0.212;0.280441515;15
"10kmE432N363";4320000;3630000;0.212;0.07355946;15
"10kmE433N347";4330000;3470000;0.47;0.111468374;9
"10kmE433N348";4330000;3480000;0.5;0.233398056;9
"10kmE433N349";4330000;3490000;0.5;0.565061274;6
"10kmE433N350";4330000;3500000;0.446666666666667;0.713245982;9
"10kmE433N351";4330000;3510000;0.446666666666667;0.918368601;12
"10kmE433N352";4330000;3520000;0.4325;0.650322185;12
"10kmE433N353";4330000;3530000;0.4325;0.313744843;12
"10kmE433N354";4330000;3540000;0.46;0.27502062;9
"10kmE433N355";4330000;3550000;0.46;0.169948311;9
"10kmE433N361";4330000;3610000;0.223333333333333;0.330112823;9
"10kmE433N362";4330000;3620000;0.212;0.480654481;10
"10kmE433N366";4330000;3660000;0.41;0.012372105;2
"10kmE433N367";4330000;3670000;0.41;0.028672825;2
"10kmE434N348";4340000;3480000;0.56;0.199366363;3
"10kmE434N349";4340000;3490000;0.56;0.09077827;1
"10kmE434N352";4340000;3520000;0.415;0.538814159;6
"10kmE434N353";4340000;3530000;0.415;0.488401003;6
"10kmE434N354";4340000;3540000;0.59;0.110845393;3
"10kmE434N359";4340000;3590000;0.363333333333333;0.005781158;3
"10kmE434N361";4340000;3610000;0.378;0.429089028;15
"10kmE434N362";4340000;3620000;0.26;0.409127943;3
"10kmE434N363";4340000;3630000;0.26;0.004502575;1
"10kmE434N364";4340000;3640000;0.335;0.140272507;6
"10kmE434N365";4340000;3650000;0.335;0.067341523;6
"10kmE434N366";4340000;3660000;0.3575;0.162536995;8
"10kmE434N367";4340000;3670000;0.3575;0.049880472;12
"10kmE434N368";4340000;3680000;0.3475;0.04088679;12
"10kmE434N384";4340000;3840000;0.3;1;1
"10kmE435N347";4350000;3470000;0.56;0.180719211;2
"10kmE435N348";4350000;3480000;0.56;0.10483841;2
"10kmE435N349";4350000;3490000;0.56;0.010368214;1
"10kmE435N352";4350000;3520000;0.415;0.250626926;8
"10kmE435N354";4350000;3540000;0.59;0.034793419;2
"10kmE435N359";4350000;3590000;0.363333333333333;0.005578157;3
"10kmE435N360";4350000;3600000;0.378;0.002941827;5
"10kmE435N361";4350000;3610000;0.378;0.055760083;15
"10kmE435N362";4350000;3620000;0.26;0.199808767;3
"10kmE435N363";4350000;3630000;0.26;0.115950476;3
"10kmE435N364";4350000;3640000;0.335;0.357465987;6
"10kmE435N365";4350000;3650000;0.335;0.193804831;6
"10kmE435N366";4350000;3660000;0.3575;0.284568883;12
"10kmE435N367";4350000;3670000;0.3575;0.046329785;12
"10kmE435N383";4350000;3830000;0.3;1;1
"10kmE436N346";4360000;3460000;0.483333333333333;0.310568462;9
"10kmE436N347";4360000;3470000;0.483333333333333;0.264825472;9
"10kmE436N350";4360000;3500000;0.48;0.541192378;4
"10kmE436N351";4360000;3510000;0.48;0.369405958;3
"10kmE436N352";4360000;3520000;0.46;0.168667819;4
"10kmE436N359";4360000;3590000;0.375;0.092243164;2
"10kmE436N360";4360000;3600000;0.363333333333333;0.143388821;18
"10kmE436N361";4360000;3610000;0.363333333333333;0.492200228;18
"10kmE436N362";4360000;3620000;0.313333333333333;0.379332182;9
"10kmE436N363";4360000;3630000;0.313333333333333;0.401963472;9
"10kmE436N364";4360000;3640000;0.26;0.217441867;3
"10kmE436N365";4360000;3650000;0.26;0.100876498;2
"10kmE436N366";4360000;3660000;0.37;0.368257449;6
"10kmE436N383";4360000;3830000;0.3;1;1
"10kmE436N384";4360000;3840000;0.3;1;1
"10kmE437N343";4370000;3430000;0.285;0.56014639;8
"10kmE437N344";4370000;3440000;0.225;0.229311531;6
"10kmE437N346";4370000;3460000;0.483333333333333;0.195426366;9
"10kmE437N347";4370000;3470000;0.483333333333333;0.284187604;9
"10kmE437N350";4370000;3500000;0.48;0.475988996;4
"10kmE437N351";4370000;3510000;0.48;0.26799741;3
"10kmE437N352";4370000;3520000;0.46;0.219018891;6
"10kmE437N353";4370000;3530000;0.46;0.28543869;4
"10kmE437N354";4370000;3540000;0.385;5.09e-05;4
"10kmE437N355";4370000;3550000;0.385;0.016848008;12
"10kmE437N356";4370000;3560000;0.405;0.053331278;12
"10kmE437N357";4370000;3570000;0.405;0.231628571;16
"10kmE437N358";4370000;3580000;0.375;0.687143322;8
"10kmE437N359";4370000;3590000;0.375;0.534773427;6
"10kmE437N360";4370000;3600000;0.363333333333333;0.346652192;18
"10kmE437N361";4370000;3610000;0.363333333333333;0.314433997;18
"10kmE437N362";4370000;3620000;0.313333333333333;0.207688674;9
"10kmE437N363";4370000;3630000;0.313333333333333;0.537348663;9
"10kmE437N364";4370000;3640000;0.26;0.162952837;3
"10kmE437N365";4370000;3650000;0.26;0.150455142;4
"10kmE437N366";4370000;3660000;0.37;0.259221627;6
"10kmE438N343";4380000;3430000;0.313333333333333;0.724777416;9
"10kmE438N344";4380000;3440000;0.295;0.642008142;8
"10kmE438N345";4380000;3450000;0.295;0.320753107;6
"10kmE438N347";4380000;3470000;0.496666666666667;0.090105924;6
"10kmE438N349";4380000;3490000;0.536666666666667;0.150874417;12
"10kmE438N353";4380000;3530000;0.565;0.027360374;4
"10kmE438N354";4380000;3540000;0.52;0.283756177;6
"10kmE438N355";4380000;3550000;0.52;0.267440719;6
"10kmE438N356";4380000;3560000;0.503333333333333;0.193215776;9
"10kmE438N357";4380000;3570000;0.503333333333333;0.453424912;9
"10kmE438N358";4380000;3580000;0.393333333333333;0.46962223;12
"10kmE438N359";4380000;3590000;0.393333333333333;0.572898773;6
"10kmE438N360";4380000;3600000;0.36;0.128856577;6
"10kmE438N361";4380000;3610000;0.36;0.007242965;4
"10kmE438N362";4380000;3620000;0.34;0.07958119;6
"10kmE438N363";4380000;3630000;0.34;0.195819119;4
"10kmE438N364";4380000;3640000;0.39;0.128754726;3
"10kmE438N365";4380000;3650000;0.39;0.294575231;3
"10kmE439N343";4390000;3430000;0.313333333333333;0.648530886;9
"10kmE439N344";4390000;3440000;0.295;0.907999629;4
"10kmE439N345";4390000;3450000;0.295;0.398678399;6
"10kmE439N346";4390000;3460000;0.496666666666667;0.132693295;9
"10kmE439N347";4390000;3470000;0.496666666666667;0.017830408;9
"10kmE439N349";4390000;3490000;0.536666666666667;0.542697148;9
"10kmE439N356";4390000;3560000;0.503333333333333;0.083589174;9
"10kmE439N357";4390000;3570000;0.503333333333333;0.15811742;9
"10kmE439N358";4390000;3580000;0.393333333333333;0.002477899;6
"10kmE439N362";4390000;3620000;0.34;0.003566711;2
"10kmE439N363";4390000;3630000;0.34;0.0717967;6
"10kmE439N364";4390000;3640000;0.39;0.098403625;2
"10kmE439N365";4390000;3650000;0.39;0.022089769;2
"10kmE440N343";4400000;3430000;0.47;0.293724867;9
"10kmE440N344";4400000;3440000;0.37;0.699982767;3
"10kmE440N345";4400000;3450000;0.37;0.607030855;2
"10kmE440N346";4400000;3460000;0.505;0.486576599;6
"10kmE440N347";4400000;3470000;0.505;0.124520311;6
"10kmE440N348";4400000;3480000;0.665;0.398900732;6
"10kmE440N349";4400000;3490000;0.665;0.932735206;6
"10kmE440N350";4400000;3500000;0.73;0.145516814;3
"10kmE440N355";4400000;3550000;0.54;0.034664602;2
"10kmE440N356";4400000;3560000;0.393333333333333;0.138918366;9
"10kmE440N363";4400000;3630000;0.39;0.036516041;3
"10kmE440N364";4400000;3640000;0.39;0.105152167;2
"10kmE441N344";4410000;3440000;0.37;0.264083804;3
"10kmE441N345";4410000;3450000;0.37;0.93224765;3
"10kmE441N346";4410000;3460000;0.505;0.936093422;2
"10kmE441N347";4410000;3470000;0.505;0.9413568;4
"10kmE441N348";4410000;3480000;0.665;0.954734146;6
"10kmE441N349";4410000;3490000;0.665;0.620118941;6
"10kmE442N344";4420000;3440000;0.445;0.079042662;6
"10kmE442N345";4420000;3450000;0.445;0.544137901;6
"10kmE442N348";4420000;3480000;0.73;0.999999999;3
"10kmE442N349";4420000;3490000;0.73;0.168817913;2
"10kmE442N387";4420000;3870000;0.7;1;1
"10kmE443N345";4430000;3450000;0.445;0.610758323;6
"10kmE443N348";4430000;3480000;0.73;0.88755976;3
"10kmE443N349";4430000;3490000;0.73;0.003620881;1
"10kmE444N345";4440000;3450000;0.305;0.66424972;6
"10kmE444N348";4440000;3480000;0.615;0.802926186;6
"10kmE445N345";4450000;3450000;0.305;0.19084048;4
"10kmE445N348";4450000;3480000;0.615;0.730560455;6
"10kmE445N349";4450000;3490000;0.615;0.064381757;6
"10kmE445N350";4450000;3500000;0.593333333333333;0.010690603;9
"10kmE446N346";4460000;3460000;0.49;0.064905342;2
"10kmE446N347";4460000;3470000;0.49;0.681328326;3
"10kmE446N352";4460000;3520000;0.5;0.342554119;2
"10kmE446N353";4460000;3530000;0.5;0.06469534;1
"10kmE447N347";4470000;3470000;0.49;0.001085863;2
"10kmE447N352";4470000;3520000;0.5;0.990182282;3
"10kmE447N353";4470000;3530000;0.5;0.735177071;3
"10kmE447N356";4470000;3560000;0.45;0.00170136;2
"10kmE447N357";4470000;3570000;0.45;0.098831263;4
"10kmE447N358";4470000;3580000;0.49;0.018395974;2
"10kmE447N367";4470000;3670000;0.86;1;1
"10kmE448N349";4480000;3490000;0.406666666666667;0.012005869;6
"10kmE448N352";4480000;3520000;0.5;0.653260333;2
"10kmE448N353";4480000;3530000;0.5;0.518063526;3
"10kmE448N354";4480000;3540000;0.455;0.465108242;6
"10kmE448N355";4480000;3550000;0.455;0.534828939;4
"10kmE448N356";4480000;3560000;0.41;0.767894852;3
"10kmE448N357";4480000;3570000;0.41;0.999613192;4
"10kmE448N358";4480000;3580000;0.605;0.403293616;8
"10kmE449N349";4490000;3490000;0.406666666666667;0.158425664;6
"10kmE449N352";4490000;3520000;0.5;0.655175785;1
"10kmE449N353";4490000;3530000;0.5;0.988955014;3
"10kmE449N354";4490000;3540000;0.455;1;6
"10kmE449N355";4490000;3550000;0.455;1;6
"10kmE449N356";4490000;3560000;0.41;1;4
"10kmE449N357";4490000;3570000;0.41;0.597779464;4
"10kmE449N358";4490000;3580000;0.605;0.001104568;2
"10kmE449N369";4490000;3690000;0.86;1;1
"10kmE449N371";4490000;3710000;0.86;1;1
"10kmE449N372";4490000;3720000;0.86;1;1
"10kmE450N349";4500000;3490000;0.41;0.00559644;3
"10kmE450N350";4500000;3500000;0.2;0.055547637;1
"10kmE450N351";4500000;3510000;0.2;0.659942167;3
"10kmE450N358";4500000;3580000;0.72;0.016664202;2
"10kmE451N350";4510000;3500000;0.2;0.241185143;1
"10kmE451N351";4510000;3510000;0.2;0.978508153;2
"10kmE451N358";4510000;3580000;0.72;0.589354466;3
"10kmE452N166";4520000;1660000;0.85;1;1
"10kmE452N350";4520000;3500000;0.38;0.24809824;8
"10kmE452N351";4520000;3510000;0.38;0.986160346;12
"10kmE452N358";4520000;3580000;0.72;0.44258634;2
"10kmE453N351";4530000;3510000;0.38;0.847592628;12
"10kmE453N358";4530000;3580000;0.72;0.350436312;2
"10kmE453N512";4530000;5120000;0.35;1;1
"10kmE454N350";4540000;3500000;0.44;0.42188024;6
"10kmE454N351";4540000;3510000;0.44;0.785554778;6
"10kmE454N358";4540000;3580000;0.72;0.713979988;3
"10kmE454N359";4540000;3590000;0.72;0.00046371;1
"10kmE455N346";4550000;3460000;0.43;0.002569903;2
"10kmE455N347";4550000;3470000;0.43;0.002114473;2
"10kmE455N348";4550000;3480000;0.4325;0.393174195;8
"10kmE455N349";4550000;3490000;0.4325;0.414316695;8
"10kmE455N350";4550000;3500000;0.44;0.808952032;6
"10kmE455N351";4550000;3510000;0.44;1;6
"10kmE455N358";4550000;3580000;0.72;0.998421326;4
"10kmE455N359";4550000;3590000;0.72;0.327130071;3
"10kmE456N347";4560000;3470000;0.39;0.189932461;9
"10kmE456N348";4560000;3480000;0.37;0.87215554;3
"10kmE456N349";4560000;3490000;0.37;0.951466709;3
"10kmE456N350";4560000;3500000;0.37;0.970204033;2
"10kmE456N351";4560000;3510000;0.37;1;2
"10kmE456N358";4560000;3580000;0.72;0.938003543;4
"10kmE456N359";4560000;3590000;0.72;0.281189806;2
"10kmE457N345";4570000;3450000;0.333333333333333;0.321101562;9
"10kmE457N346";4570000;3460000;0.39;0.075772349;9
"10kmE457N347";4570000;3470000;0.39;0.94465278;9
"10kmE457N348";4570000;3480000;0.37;0.999999999;3
"10kmE457N349";4570000;3490000;0.37;1;1
"10kmE457N350";4570000;3500000;0.37;1;2
"10kmE457N351";4570000;3510000;0.37;1.000000001;3
"10kmE457N358";4570000;3580000;0.72;0.899788183;3
"10kmE457N359";4570000;3590000;0.72;0.241759936;2
"10kmE458N344";4580000;3440000;0.34;0.346335178;3
"10kmE458N345";4580000;3450000;0.34;0.987878403;3
"10kmE458N358";4580000;3580000;0.72;0.617380173;3
"10kmE458N362";4580000;3620000;0.72;0.135648162;2
"10kmE458N363";4580000;3630000;0.72;0.227378966;2
"10kmE459N343";4590000;3430000;0.3;0.507462937;2
"10kmE459N344";4590000;3440000;0.34;0.957187951;1
"10kmE459N345";4590000;3450000;0.34;1;2
"10kmE459N358";4590000;3580000;0.72;0.527023511;4
"10kmE459N359";4590000;3590000;0.72;0.694931715;4
"10kmE459N360";4590000;3600000;0.72;0.481275592;3
"10kmE459N361";4590000;3610000;0.72;0.422795902;3
"10kmE459N362";4590000;3620000;0.72;0.703158001;3
"10kmE459N363";4590000;3630000;0.72;0.808788302;3
"10kmE459N364";4590000;3640000;0.72;0.002423888;1
"10kmE459N517";4590000;5170000;0.35;1;1
"10kmE460N343";4600000;3430000;0.3;0.824328208;2
"10kmE460N364";4600000;3640000;0.72;0.321969337;3
"10kmE460N365";4600000;3650000;0.72;0.083024427;2
"10kmE460N366";4600000;3660000;0.733333333333333;0.003290439;6
"10kmE460N517";4600000;5170000;0.36;1;1
"10kmE461N343";4610000;3430000;0.3;0.870744812;2
"10kmE461N364";4610000;3640000;0.72;0.9843762;2
"10kmE461N365";4610000;3650000;0.72;0.968485372;3
"10kmE461N366";4610000;3660000;0.733333333333333;0.25473837;9
"10kmE462N366";4620000;3660000;0.733333333333333;0.819034688;12
"10kmE462N367";4620000;3670000;0.733333333333333;0.757038254;9
"10kmE462N368";4620000;3680000;0.74;0.080861739;4
"10kmE463N366";4630000;3660000;0.733333333333333;1;9
"10kmE463N367";4630000;3670000;0.733333333333333;0.917266039;9
"10kmE463N368";4630000;3680000;0.74;0.183503467;4
"10kmE464N366";4640000;3660000;0.74;1;4
"10kmE464N367";4640000;3670000;0.74;0.873142762;4
"10kmE464N368";4640000;3680000;0.74;0.0419421;2
"10kmE465N366";4650000;3660000;0.74;1;4
"10kmE465N367";4650000;3670000;0.74;0.758318897;6
"10kmE466N366";4660000;3660000;0.74;1;4
"10kmE466N367";4660000;3670000;0.74;0.592197174;6
"10kmE466N368";4660000;3680000;0.74;0.00246402;2
"10kmE467N366";4670000;3660000;0.74;0.97028074;8
"10kmE467N367";4670000;3670000;0.74;0.641415663;4
"10kmE467N368";4670000;3680000;0.74;0.017920351;4
"10kmE468N366";4680000;3660000;0.74;0.913939051;6
"10kmE468N367";4680000;3670000;0.74;0.234585788;4
"10kmE468N396";4680000;3960000;0.62;0.372252127;4
"10kmE469N366";4690000;3660000;0.74;1;4
"10kmE469N367";4690000;3670000;0.74;0.944839636;2
"10kmE469N368";4690000;3680000;0.74;0.433876474;4
"10kmE469N369";4690000;3690000;0.74;0.040575351;4
"10kmE469N370";4690000;3700000;0.76;0.065733562;2
"10kmE469N371";4690000;3710000;0.76;0.240631813;3
"10kmE469N372";4690000;3720000;0.76;0.154179308;1
"10kmE469N394";4690000;3940000;0.42;0.03196612;1
"10kmE469N396";4690000;3960000;0.62;0.502842416;4
"10kmE469N429";4690000;4290000;0.71;0.005086961;2
"10kmE470N365";4700000;3650000;0.76;0.901242559;2
"10kmE470N366";4700000;3660000;0.76;1;1
"10kmE470N367";4700000;3670000;0.76;1;1
"10kmE470N368";4700000;3680000;0.7;0.999115837;2
"10kmE470N369";4700000;3690000;0.7;0.967567094;6
"10kmE470N370";4700000;3700000;0.76;0.905187421;3
"10kmE470N371";4700000;3710000;0.76;0.711413975;4
"10kmE470N372";4700000;3720000;0.74;0.412204811;6
"10kmE470N373";4700000;3730000;0.74;0.219663428;6
"10kmE470N374";4700000;3740000;0.74;0.120773171;2
"10kmE470N387";4700000;3870000;0.82;0.089948225;2
"10kmE470N388";4700000;3880000;0.62;0.05909919;2
"10kmE470N394";4700000;3940000;0.62;0.002905836;2
"10kmE470N396";4700000;3960000;0.82;0.23996701;2
"10kmE470N422";4700000;4220000;0.71;0.017768298;2
"10kmE470N423";4700000;4230000;0.71;0.028268894;2
"10kmE470N424";4700000;4240000;0.71;0.182436572;4
"10kmE470N425";4700000;4250000;0.71;0.104921546;4
"10kmE470N426";4700000;4260000;0.71;0.027413122;2
"10kmE470N427";4700000;4270000;0.71;0.390038882;4
"10kmE470N428";4700000;4280000;0.71;0.54140232;6
"10kmE470N429";4700000;4290000;0.71;0.359792196;4
"10kmE470N430";4700000;4300000;0.73;0.109829324;6
"10kmE470N431";4700000;4310000;0.73;0.330150179;3
"10kmE470N432";4700000;4320000;0.77;0.059802672;1
"10kmE470N433";4700000;4330000;0.77;0.105863199;3
"10kmE470N437";4700000;4370000;0.77;0.026893868;4
"10kmE470N438";4700000;4380000;0.77;0.257591981;6
"10kmE470N439";4700000;4390000;0.77;0.24140654;8
"10kmE471N366";4710000;3660000;0.76;1;1
"10kmE471N367";4710000;3670000;0.76;1;2
"10kmE471N368";4710000;3680000;0.7;0.806560678;4
"10kmE471N369";4710000;3690000;0.7;0.747501153;2
"10kmE471N370";4710000;3700000;0.76;0.798142454;3
"10kmE471N371";4710000;3710000;0.76;0.535944571;3
"10kmE471N372";4710000;3720000;0.74;0.670092374;4
"10kmE471N373";4710000;3730000;0.74;0.518051124;6
"10kmE471N374";4710000;3740000;0.74;0.01951148;6
"10kmE471N375";4710000;3750000;0.74;0.130376288;8
"10kmE471N376";4710000;3760000;0.74;0.050167795;8
"10kmE471N377";4710000;3770000;0.74;0.03451196;2
"10kmE471N378";4710000;3780000;0.74;0.010692615;2
"10kmE471N379";4710000;3790000;0.74;0.051043463;2
"10kmE471N380";4710000;3800000;0.74;0.117517392;6
"10kmE471N381";4710000;3810000;0.74;0.068193208;4
"10kmE471N382";4710000;3820000;0.77;0.001638488;2
"10kmE471N384";4710000;3840000;0.82;0.127836657;2
"10kmE471N385";4710000;3850000;0.82;0.028886738;2
"10kmE471N386";4710000;3860000;0.82;0.0046759;1
"10kmE471N387";4710000;3870000;0.82;0.155538061;2
"10kmE471N388";4710000;3880000;0.62;0.14350178;4
"10kmE471N389";4710000;3890000;0.62;0.014202281;2
"10kmE471N390";4710000;3900000;0.62;0.003091472;2
"10kmE471N391";4710000;3910000;0.62;0.020926114;4
"10kmE471N392";4710000;3920000;0.62;0.123219327;4
"10kmE471N393";4710000;3930000;0.62;0.105032877;4
"10kmE471N394";4710000;3940000;0.62;0.171412621;6
"10kmE471N396";4710000;3960000;0.82;0.412065223;2
"10kmE471N419";4710000;4190000;0.62;0.29989914;2
"10kmE471N420";4710000;4200000;0.71;0.197447243;4
"10kmE471N421";4710000;4210000;0.71;0.06727013;2
"10kmE471N422";4710000;4220000;0.71;0.465306157;8
"10kmE471N423";4710000;4230000;0.71;0.421157635;8
"10kmE471N424";4710000;4240000;0.71;0.566740656;8
"10kmE471N425";4710000;4250000;0.71;0.575118666;8
"10kmE471N426";4710000;4260000;0.71;0.541448892;6
"10kmE471N427";4710000;4270000;0.71;0.933330355;6
"10kmE471N428";4710000;4280000;0.71;0.981887414;6
"10kmE471N429";4710000;4290000;0.71;0.70004409;8
"10kmE471N430";4710000;4300000;0.73;0.445156226;9
"10kmE471N431";4710000;4310000;0.73;0.467639664;12
"10kmE471N432";4710000;4320000;0.77;0.718091224;3
"10kmE471N433";4710000;4330000;0.77;0.770863775;3
"10kmE471N434";4710000;4340000;0.77;0.585070365;3
"10kmE471N435";4710000;4350000;0.77;0.514060926;4
"10kmE471N436";4710000;4360000;0.77;0.364382434;8
"10kmE471N437";4710000;4370000;0.77;0.613253416;6
"10kmE471N438";4710000;4380000;0.77;0.678394874;8
"10kmE471N439";4710000;4390000;0.77;0.343338847;8
"10kmE471N445";4710000;4450000;0.77;0.074325941;1
"10kmE472N366";4720000;3660000;0.76;1;1
"10kmE472N367";4720000;3670000;0.76;1;2
"10kmE472N368";4720000;3680000;0.64;0.810267187;1
"10kmE472N369";4720000;3690000;0.64;0.361173616;2
"10kmE472N370";4720000;3700000;0.64;0.032317972;1
"10kmE472N375";4720000;3750000;0.706666666666667;0.269101009;3
"10kmE472N376";4720000;3760000;0.7;0.620290311;8
"10kmE472N377";4720000;3770000;0.7;0.546792517;8
"10kmE472N378";4720000;3780000;0.706666666666667;0.449510289;9
"10kmE472N379";4720000;3790000;0.706666666666667;0.311245103;6
"10kmE472N380";4720000;3800000;0.74;0.914463471;6
"10kmE472N381";4720000;3810000;0.74;0.78875385;4
"10kmE472N382";4720000;3820000;0.8;0.034430439;4
"10kmE472N383";4720000;3830000;0.8;0.053163528;4
"10kmE472N384";4720000;3840000;0.826666666666667;0.010140404;3
"10kmE472N385";4720000;3850000;0.826666666666667;0.119269609;6
"10kmE472N386";4720000;3860000;0.86;0.01193979;4
"10kmE472N387";4720000;3870000;0.86;0.041260354;2
"10kmE472N388";4720000;3880000;0.86;0.052786479;2
"10kmE472N389";4720000;3890000;0.86;0.032718212;2
"10kmE472N390";4720000;3900000;0.86;0.105085099;6
"10kmE472N391";4720000;3910000;0.86;0.157332576;6
"10kmE472N392";4720000;3920000;0.86;0.247533608;4
"10kmE472N393";4720000;3930000;0.86;0.117237806;4
"10kmE472N394";4720000;3940000;0.86;0.039841271;4
"10kmE472N395";4720000;3950000;0.86;0.045218562;4
"10kmE472N396";4720000;3960000;0.84;0.490301386;6
"10kmE472N419";4720000;4190000;0.71;0.350902793;6
"10kmE472N420";4720000;4200000;0.71;0.424008312;6
"10kmE472N421";4720000;4210000;0.71;0.751188429;8
"10kmE472N422";4720000;4220000;0.8;0.98156485;4
"10kmE472N423";4720000;4230000;0.8;1;3
"10kmE472N424";4720000;4240000;0.8;0.913105722;3
"10kmE472N425";4720000;4250000;0.8;0.903387641;2
"10kmE472N426";4720000;4260000;0.8;1;3
"10kmE472N427";4720000;4270000;0.8;1;3
"10kmE472N428";4720000;4280000;0.8;1;3
"10kmE472N429";4720000;4290000;0.8;0.98071616;3
"10kmE472N430";4720000;4300000;0.785;0.863337658;6
"10kmE472N431";4720000;4310000;0.785;0.86117963;6
"10kmE472N432";4720000;4320000;0.77;1;3
"10kmE472N433";4720000;4330000;0.77;0.993298988;3
"10kmE472N434";4720000;4340000;0.77;0.98520785;4
"10kmE472N435";4720000;4350000;0.77;0.806198569;4
"10kmE472N436";4720000;4360000;0.77;0.829394954;8
"10kmE472N437";4720000;4370000;0.77;0.91738485;6
"10kmE472N438";4720000;4380000;0.77;0.970315289;6
"10kmE472N439";4720000;4390000;0.77;0.781342002;6
"10kmE472N440";4720000;4400000;0.77;0.204546264;4
"10kmE472N441";4720000;4410000;0.77;0.004046192;2
"10kmE472N443";4720000;4430000;0.77;0.059037857;4
"10kmE472N444";4720000;4440000;0.77;0.06556215;1
"10kmE472N445";4720000;4450000;0.77;0.154609725;1
"10kmE473N367";4730000;3670000;0.76;1;2
"10kmE473N368";4730000;3680000;0.64;1;2
"10kmE473N369";4730000;3690000;0.64;1;1
"10kmE473N370";4730000;3700000;0.64;0.955207401;2
"10kmE473N371";4730000;3710000;0.64;0.759275371;2
"10kmE473N372";4730000;3720000;0.64;0.594924164;2
"10kmE473N373";4730000;3730000;0.64;0.476815732;1
"10kmE473N374";4730000;3740000;0.706666666666667;0.329404747;6
"10kmE473N375";4730000;3750000;0.706666666666667;0.019379624;3
"10kmE473N377";4730000;3770000;0.7;0.165880235;2
"10kmE473N378";4730000;3780000;0.706666666666667;0.855334185;9
"10kmE473N379";4730000;3790000;0.706666666666667;0.956718258;9
"10kmE473N380";4730000;3800000;0.74;0.958709763;4
"10kmE473N381";4730000;3810000;0.74;0.931234761;6
"10kmE473N382";4730000;3820000;0.8;0.925813131;16
"10kmE473N383";4730000;3830000;0.8;0.916691997;8
"10kmE473N384";4730000;3840000;0.826666666666667;0.767286941;6
"10kmE473N385";4730000;3850000;0.826666666666667;0.506791753;6
"10kmE473N386";4730000;3860000;0.86;0.4314745;2
"10kmE473N387";4730000;3870000;0.86;0.512993787;4
"10kmE473N388";4730000;3880000;0.86;0.277853519;2
"10kmE473N389";4730000;3890000;0.86;0.46613813;2
"10kmE473N390";4730000;3900000;0.86;0.698606819;2
"10kmE473N391";4730000;3910000;0.86;0.283001517;6
"10kmE473N392";4730000;3920000;0.86;0.026898184;4
"10kmE473N393";4730000;3930000;0.86;0.084271479;4
"10kmE473N394";4730000;3940000;0.86;0.139994021;4
"10kmE473N395";4730000;3950000;0.86;0.264083699;4
"10kmE473N396";4730000;3960000;0.84;0.428297829;6
"10kmE473N397";4730000;3970000;0.84;0.014376839;6
"10kmE473N418";4730000;4180000;0.71;0.009638544;2
"10kmE473N419";4730000;4190000;0.71;0.624105328;6
"10kmE473N420";4730000;4200000;0.71;0.946427008;8
"10kmE473N421";4730000;4210000;0.71;0.948045352;8
"10kmE473N422";4730000;4220000;0.8;1;4
"10kmE473N423";4730000;4230000;0.8;1;3
"10kmE473N424";4730000;4240000;0.8;0.999999999;3
"10kmE473N425";4730000;4250000;0.8;1;3
"10kmE473N426";4730000;4260000;0.8;1;3
"10kmE473N427";4730000;4270000;0.8;1;4
"10kmE473N428";4730000;4280000;0.8;1;2
"10kmE473N429";4730000;4290000;0.8;1;3
"10kmE473N430";4730000;4300000;0.785;1;6
"10kmE473N431";4730000;4310000;0.785;1;6
"10kmE473N432";4730000;4320000;0.77;1;3
"10kmE473N433";4730000;4330000;0.77;1;3
"10kmE473N434";4730000;4340000;0.77;1;3
"10kmE473N435";4730000;4350000;0.77;1;3
"10kmE473N436";4730000;4360000;0.77;1;6
"10kmE473N437";4730000;4370000;0.77;0.999999999;6
"10kmE473N438";4730000;4380000;0.77;1;4
"10kmE473N439";4730000;4390000;0.77;1;6
"10kmE473N440";4730000;4400000;0.77;0.944729728;6
"10kmE473N441";4730000;4410000;0.77;0.477591455;6
"10kmE473N442";4730000;4420000;0.77;0.092558333;4
"10kmE473N443";4730000;4430000;0.77;0.123626023;4
"10kmE474N368";4740000;3680000;0.76;1;2
"10kmE474N369";4740000;3690000;0.76;1;2
"10kmE474N376";4740000;3760000;0.64;0.590850141;3
"10kmE474N377";4740000;3770000;0.64;0.407073127;1
"10kmE474N378";4740000;3780000;0.64;0.095840935;1
"10kmE474N379";4740000;3790000;0.64;0.03291912;1
"10kmE474N381";4740000;3810000;0.7;0.003363542;2
"10kmE474N382";4740000;3820000;0.7;0.706621721;8
"10kmE474N383";4740000;3830000;0.7;0.997705752;8
"10kmE474N384";4740000;3840000;0.76;1.000000001;4
"10kmE474N385";4740000;3850000;0.76;0.818752861;2
"10kmE474N386";4740000;3860000;0.76;0.774226819;2
"10kmE474N387";4740000;3870000;0.76;0.820978522;2
"10kmE474N388";4740000;3880000;0.76;0.772244118;2
"10kmE474N389";4740000;3890000;0.76;0.645669842;3
"10kmE474N392";4740000;3920000;0.9;0.29245138;1
"10kmE474N393";4740000;3930000;0.9;0.366626554;1
"10kmE474N394";4740000;3940000;0.9;0.626774899;2
"10kmE474N395";4740000;3950000;0.9;0.552554523;3
"10kmE474N396";4740000;3960000;0.85;0.309919751;4
"10kmE474N397";4740000;3970000;0.85;0.003349538;2
"10kmE474N418";4740000;4180000;0.71;0.015907615;4
"10kmE474N419";4740000;4190000;0.71;0.600849138;6
"10kmE474N420";4740000;4200000;0.8;1.000000001;4
"10kmE474N421";4740000;4210000;0.8;1;3
"10kmE474N440";4740000;4400000;0.77;1;2
"10kmE474N441";4740000;4410000;0.77;1.000000001;3
"10kmE474N442";4740000;4420000;0.77;0.925924217;6
"10kmE474N443";4740000;4430000;0.77;0.739278771;8
"10kmE474N444";4740000;4440000;0.77;0.184250175;4
"10kmE474N445";4740000;4450000;0.77;0.118254066;4
"10kmE474N446";4740000;4460000;0.77;0.237299018;4
"10kmE475N376";4750000;3760000;0.64;1;3
"10kmE475N377";4750000;3770000;0.64;1;3
"10kmE475N378";4750000;3780000;0.64;0.999380754;2
"10kmE475N379";4750000;3790000;0.64;0.982204875;1
"10kmE475N380";4750000;3800000;0.7;0.679161768;4
"10kmE475N381";4750000;3810000;0.7;0.546477238;6
"10kmE475N382";4750000;3820000;0.7;0.188439958;4
"10kmE475N383";4750000;3830000;0.7;0.479187718;6
"10kmE475N384";4750000;3840000;0.76;0.905725503;3
"10kmE475N385";4750000;3850000;0.76;0.176700222;1
"10kmE475N389";4750000;3890000;0.76;0.316897001;2
"10kmE475N392";4750000;3920000;0.9;0.934669218;2
"10kmE475N393";4750000;3930000;0.9;0.951890051;2
"10kmE475N394";4750000;3940000;0.9;0.763709471;2
"10kmE475N395";4750000;3950000;0.9;0.92382828;2
"10kmE475N396";4750000;3960000;0.85;0.675276968;4
"10kmE475N397";4750000;3970000;0.85;0.214060411;4
"10kmE475N398";4750000;3980000;0.85;0.035349629;6
"10kmE475N419";4750000;4190000;0.71;0.573853173;4
"10kmE475N420";4750000;4200000;0.8;0.999999999;3
"10kmE475N421";4750000;4210000;0.8;1;3
"10kmE475N440";4750000;4400000;0.77;1;3
"10kmE475N441";4750000;4410000;0.77;1;4
"10kmE475N442";4750000;4420000;0.77;1;4
"10kmE475N443";4750000;4430000;0.77;1;4
"10kmE475N444";4750000;4440000;0.77;0.745030569;6
"10kmE475N445";4750000;4450000;0.77;0.407799803;6
"10kmE475N446";4750000;4460000;0.77;0.381938363;4
"10kmE475N447";4750000;4470000;0.77;0.381093574;4
"10kmE475N448";4750000;4480000;0.77;0.009318453;1
"10kmE476N351";4760000;3510000;0.66;0.142621326;1
"10kmE476N352";4760000;3520000;0.66;0.938969298;2
"10kmE476N380";4760000;3800000;0.76;0.971496608;3
"10kmE476N381";4760000;3810000;0.76;0.963949229;2
"10kmE476N384";4760000;3840000;0.76;0.722349653;4
"10kmE476N396";4760000;3960000;0.9;0.722198774;2
"10kmE476N397";4760000;3970000;0.9;0.027703226;2
"10kmE476N398";4760000;3980000;0.85;0.121884039;6
"10kmE476N399";4760000;3990000;0.85;0.006724297;4
"10kmE476N418";4760000;4180000;0.71;0.020908599;2
"10kmE476N419";4760000;4190000;0.71;0.706437119;4
"10kmE476N444";4760000;4440000;0.77;1;2
"10kmE476N445";4760000;4450000;0.77;0.937708403;3
"10kmE476N446";4760000;4460000;0.77;0.635466529;6
"10kmE476N447";4760000;4470000;0.77;0.824909207;4
"10kmE476N448";4760000;4480000;0.77;0.295115497;4
"10kmE476N449";4760000;4490000;0.77;0.088512146;4
"10kmE477N352";4770000;3520000;0.66;0.85591612;2
"10kmE477N353";4770000;3530000;0.66;0.984969083;2
"10kmE477N380";4770000;3800000;0.76;0.265342149;3
"10kmE477N381";4770000;3810000;0.76;0.029318102;2
"10kmE477N396";4770000;3960000;0.9;0.826910232;2
"10kmE477N397";4770000;3970000;0.9;0.160610341;2
"10kmE477N398";4770000;3980000;0.85;0.343618606;4
"10kmE477N399";4770000;3990000;0.85;0.033692765;6
"10kmE477N417";4770000;4170000;0.62;0.014801946;2
"10kmE477N418";4770000;4180000;0.71;0.773207217;6
"10kmE477N419";4770000;4190000;0.71;0.965848664;6
"10kmE477N444";4770000;4440000;0.77;1;2
"10kmE477N445";4770000;4450000;0.77;1;3
"10kmE477N446";4770000;4460000;0.77;1;4
"10kmE477N447";4770000;4470000;0.77;0.984416555;6
"10kmE477N448";4770000;4480000;0.77;0.356581285;6
"10kmE477N449";4770000;4490000;0.77;0.001478275;2
"10kmE478N353";4780000;3530000;0.66;0.579240649;3
"10kmE478N396";4780000;3960000;0.9;0.864051984;2
"10kmE478N397";4780000;3970000;0.9;0.278442501;2
"10kmE478N398";4780000;3980000;0.85;0.478806321;4
"10kmE478N399";4780000;3990000;0.85;0.16887276;2
"10kmE478N400";4780000;4000000;0.85;0.161311434;8
"10kmE478N401";4780000;4010000;0.85;0.043167714;2
"10kmE478N402";4780000;4020000;0.8;0.065250313;1
"10kmE478N405";4780000;4050000;0.8;0.040340399;2
"10kmE478N416";4780000;4160000;0.71;0.035489035;2
"10kmE478N417";4780000;4170000;0.71;0.059037867;4
"10kmE478N418";4780000;4180000;0.71;0.098804535;4
"10kmE478N419";4780000;4190000;0.71;0.576975119;6
"10kmE478N448";4780000;4480000;0.77;0.915387517;6
"10kmE478N449";4780000;4490000;0.77;0.586308334;8
"10kmE478N450";4780000;4500000;0.77;0.397881471;6
"10kmE478N451";4780000;4510000;0.77;0.308774077;6
"10kmE479N382";4790000;3820000;0.735;0.578253025;6
"10kmE479N383";4790000;3830000;0.735;0.299459144;6
"10kmE479N396";4790000;3960000;0.9;0.132152364;2
"10kmE479N397";4790000;3970000;0.9;0.120220454;2
"10kmE479N398";4790000;3980000;0.85;0.379241975;4
"10kmE479N399";4790000;3990000;0.85;0.395591183;4
"10kmE479N400";4790000;4000000;0.85;0.089243671;6
"10kmE479N401";4790000;4010000;0.85;0.361919976;6
"10kmE479N402";4790000;4020000;0.8;0.336166699;3
"10kmE479N404";4790000;4040000;0.8;0.043961672;2
"10kmE479N405";4790000;4050000;0.8;0.164860677;2
"10kmE479N406";4790000;4060000;0.8;0.219638207;2
"10kmE479N407";4790000;4070000;0.8;0.238281526;2
"10kmE479N414";4790000;4140000;0.71;0.013011449;2
"10kmE479N415";4790000;4150000;0.71;0.003642822;2
"10kmE479N418";4790000;4180000;0.71;0.41523528;2
"10kmE479N419";4790000;4190000;0.71;0.672392959;4
"10kmE479N448";4790000;4480000;0.77;1;8
"10kmE479N449";4790000;4490000;0.77;0.999632609;8
"10kmE479N450";4790000;4500000;0.77;0.894830589;6
"10kmE479N451";4790000;4510000;0.77;0.262602073;6
"10kmE479N452";4790000;4520000;0.77;0.141771096;1
"10kmE480N378";4800000;3780000;0.64;1;2
"10kmE480N379";4800000;3790000;0.64;1;2
"10kmE480N380";4800000;3800000;0.64;1;3
"10kmE480N381";4800000;3810000;0.64;0.918675326;4
"10kmE480N382";4800000;3820000;0.735;0.668108;6
"10kmE480N383";4800000;3830000;0.735;0.645326091;6
"10kmE480N384";4800000;3840000;0.735;0.271262837;8
"10kmE480N385";4800000;3850000;0.735;0.860143818;6
"10kmE480N386";4800000;3860000;0.83;0.350301355;3
"10kmE480N387";4800000;3870000;0.83;0.061380655;2
"10kmE480N388";4800000;3880000;0.83;0.020805236;2
"10kmE480N389";4800000;3890000;0.83;0.009395042;1
"10kmE480N398";4800000;3980000;0.9;1.26e-05;1
"10kmE480N399";4800000;3990000;0.9;0.540105551;2
"10kmE480N400";4800000;4000000;0.866666666666667;0.631280693;6
"10kmE480N401";4800000;4010000;0.866666666666667;0.275718027;9
"10kmE480N402";4800000;4020000;0.85;0.131445369;6
"10kmE480N403";4800000;4030000;0.85;0.297806025;6
"10kmE480N404";4800000;4040000;0.85;0.368886318;6
"10kmE480N405";4800000;4050000;0.85;0.008608358;2
"10kmE480N406";4800000;4060000;0.8;0.40149734;2
"10kmE480N407";4800000;4070000;0.8;0.143492871;2
"10kmE480N414";4800000;4140000;0.71;0.132558125;4
"10kmE480N415";4800000;4150000;0.71;0.220453752;6
"10kmE480N416";4800000;4160000;0.8;0.422807464;2
"10kmE480N417";4800000;4170000;0.8;0.19277284;3
"10kmE480N418";4800000;4180000;0.8;0.685149324;1
"10kmE480N419";4800000;4190000;0.8;0.466256771;2
"10kmE480N420";4800000;4200000;0.61;0.740687375;2
"10kmE480N447";4800000;4470000;0.77;1;2
"10kmE480N448";4800000;4480000;0.77;1;3
"10kmE480N449";4800000;4490000;0.77;1.000000001;4
"10kmE480N450";4800000;4500000;0.77;0.979707753;6
"10kmE480N451";4800000;4510000;0.77;0.460438509;6
"10kmE480N452";4800000;4520000;0.77;0.162232741;2
"10kmE481N378";4810000;3780000;0.64;0.306598272;2
"10kmE481N379";4810000;3790000;0.64;0.493542355;2
"10kmE481N380";4810000;3800000;0.64;0.348486942;2
"10kmE481N381";4810000;3810000;0.64;0.213982665;2
"10kmE481N386";4810000;3860000;0.83;0.955474464;2
"10kmE481N387";4810000;3870000;0.83;0.976533588;3
"10kmE481N388";4810000;3880000;0.83;0.736187283;2
"10kmE481N389";4810000;3890000;0.83;0.518644181;2
"10kmE481N399";4810000;3990000;0.9;0.267452933;2
"10kmE481N400";4810000;4000000;0.866666666666667;0.916584491;6
"10kmE481N401";4810000;4010000;0.866666666666667;0.608246877;9
"10kmE481N402";4810000;4020000;0.85;0.156963553;8
"10kmE481N403";4810000;4030000;0.85;0.581725889;8
"10kmE481N404";4810000;4040000;0.85;0.479518963;6
"10kmE481N405";4810000;4050000;0.85;0.029553656;4
"10kmE481N406";4810000;4060000;0.8;0.285421892;2
"10kmE481N407";4810000;4070000;0.8;0.130403909;2
"10kmE481N408";4810000;4080000;0.8;0.092264341;3
"10kmE481N409";4810000;4090000;0.8;0.019974447;2
"10kmE481N413";4810000;4130000;0.74;0.377387279;9
"10kmE481N414";4810000;4140000;0.71;0.634746046;6
"10kmE481N415";4810000;4150000;0.71;0.720964247;6
"10kmE481N416";4810000;4160000;0.8;0.609626404;3
"10kmE481N417";4810000;4170000;0.8;0.83531333;3
"10kmE481N418";4810000;4180000;0.8;0.936579514;1
"10kmE481N419";4810000;4190000;0.8;0.985640504;2
"10kmE481N420";4810000;4200000;0.61;1;2
"10kmE481N447";4810000;4470000;0.77;1;3
"10kmE481N448";4810000;4480000;0.77;1;4
"10kmE481N449";4810000;4490000;0.77;1.000000001;4
"10kmE481N450";4810000;4500000;0.77;0.996049025;6
"10kmE481N451";4810000;4510000;0.77;0.74608447;6
"10kmE481N452";4810000;4520000;0.77;0.364371605;3
"10kmE481N453";4810000;4530000;0.77;0.273871312;4
"10kmE482N378";4820000;3780000;0.64;0.21718797;3
"10kmE482N387";4820000;3870000;0.83;0.240366377;1
"10kmE482N388";4820000;3880000;0.83;0.828189616;2
"10kmE482N389";4820000;3890000;0.83;0.486900353;3
"10kmE482N391";4820000;3910000;0.83;0.253874931;2
"10kmE482N400";4820000;4000000;0.9;0.838180339;2
"10kmE482N401";4820000;4010000;0.9;0.915009914;2
"10kmE482N402";4820000;4020000;0.85;0.552722497;8
"10kmE482N403";4820000;4030000;0.85;0.06686011;6
"10kmE482N404";4820000;4040000;0.85;0.063280875;6
"10kmE482N405";4820000;4050000;0.85;0.346005028;6
"10kmE482N406";4820000;4060000;0.85;0.403192689;4
"10kmE482N407";4820000;4070000;0.85;0.294156097;6
"10kmE482N408";4820000;4080000;0.85;0.069011245;6
"10kmE482N409";4820000;4090000;0.85;0.134237214;6
"10kmE482N410";4820000;4100000;0.833333333333333;0.008200447;3
"10kmE482N411";4820000;4110000;0.833333333333333;0.036896398;9
"10kmE482N412";4820000;4120000;0.833333333333333;0.52180578;6
"10kmE482N413";4820000;4130000;0.833333333333333;0.994737967;6
"10kmE482N414";4820000;4140000;0.61;1;2
"10kmE482N415";4820000;4150000;0.61;0.883453319;2
"10kmE482N416";4820000;4160000;0.61;0.800906304;3
"10kmE482N417";4820000;4170000;0.61;0.783484871;2
"10kmE482N418";4820000;4180000;0.61;0.904269232;1
"10kmE482N419";4820000;4190000;0.61;0.949219304;2
"10kmE482N448";4820000;4480000;0.77;1;4
"10kmE482N449";4820000;4490000;0.77;1.000000001;4
"10kmE483N378";4830000;3780000;0.64;0.890756477;3
"10kmE483N379";4830000;3790000;0.64;0.469649431;2
"10kmE483N380";4830000;3800000;0.64;0.068108958;1
"10kmE483N389";4830000;3890000;0.83;0.612166418;3
"10kmE483N390";4830000;3900000;0.83;0.219173124;3
"10kmE483N391";4830000;3910000;0.83;0.342451031;2
"10kmE483N400";4830000;4000000;0.9;0.056039191;2
"10kmE483N401";4830000;4010000;0.9;0.742143458;2
"10kmE483N402";4830000;4020000;0.85;0.888859464;6
"10kmE483N403";4830000;4030000;0.85;0.869945254;6
"10kmE483N404";4830000;4040000;0.85;0.728816949;6
"10kmE483N405";4830000;4050000;0.85;0.320709117;8
"10kmE483N406";4830000;4060000;0.85;0.324308678;6
"10kmE483N407";4830000;4070000;0.85;0.436198191;4
"10kmE483N408";4830000;4080000;0.85;0.264666189;6
"10kmE483N409";4830000;4090000;0.85;0.350533478;6
"10kmE483N410";4830000;4100000;0.833333333333333;0.30748847;9
"10kmE483N411";4830000;4110000;0.833333333333333;0.3550289;9
"10kmE483N412";4830000;4120000;0.833333333333333;0.969259087;6
"10kmE483N413";4830000;4130000;0.833333333333333;1;6
"10kmE483N414";4830000;4140000;0.61;1;1
"10kmE483N415";4830000;4150000;0.61;0.720792458;2
"10kmE483N416";4830000;4160000;0.61;0.55511014;1
"10kmE483N417";4830000;4170000;0.61;0.641200728;1
"10kmE483N418";4830000;4180000;0.61;0.90201659;1
"10kmE483N448";4830000;4480000;0.77;1.000000001;3
"10kmE483N449";4830000;4490000;0.77;1;3
"10kmE484N380";4840000;3800000;0.64;0.821805085;2
"10kmE484N381";4840000;3810000;0.64;0.235094305;2
"10kmE484N389";4840000;3890000;0.735;0.101074559;8
"10kmE484N390";4840000;3900000;0.735;0.257128058;6
"10kmE484N391";4840000;3910000;0.735;0.314792829;4
"10kmE484N394";4840000;3940000;0.64;0.04606044;1
"10kmE484N395";4840000;3950000;0.64;0.044005224;2
"10kmE484N404";4840000;4040000;0.9;0.913125095;3
"10kmE484N405";4840000;4050000;0.9;0.466161288;3
"10kmE484N406";4840000;4060000;0.85;0.11210617;4
"10kmE484N407";4840000;4070000;0.85;0.157852918;4
"10kmE484N408";4840000;4080000;0.9;0.390273796;2
"10kmE484N409";4840000;4090000;0.9;0.318876252;2
"10kmE484N410";4840000;4100000;0.85;0.183781853;6
"10kmE484N411";4840000;4110000;0.85;0.813374117;6
"10kmE484N412";4840000;4120000;0.61;1;3
"10kmE484N413";4840000;4130000;0.61;1;2
"10kmE484N414";4840000;4140000;0.625;0.880489171;4
"10kmE484N415";4840000;4150000;0.625;0.779238861;4
"10kmE484N416";4840000;4160000;0.603333333333333;0.345728641;3
"10kmE484N417";4840000;4170000;0.603333333333333;0.618440536;3
"10kmE484N418";4840000;4180000;0.625;0.912915194;2
"10kmE484N419";4840000;4190000;0.625;0.970469301;2
"10kmE484N450";4840000;4500000;NA;0.992426563;0
"10kmE484N451";4840000;4510000;NA;1;0
"10kmE484N452";4840000;4520000;NA;0.757802969;0
"10kmE484N453";4840000;4530000;NA;0.755372122;0
"10kmE485N380";4850000;3800000;0.64;0.998747022;2
"10kmE485N381";4850000;3810000;0.64;0.998076686;2
"10kmE485N382";4850000;3820000;0.64;0.672840887;2
"10kmE485N383";4850000;3830000;0.64;0.375838794;2
"10kmE485N384";4850000;3840000;0.64;0.03303744;2
"10kmE485N385";4850000;3850000;0.64;0.333810455;2
"10kmE485N386";4850000;3860000;0.64;0.733153095;2
"10kmE485N387";4850000;3870000;0.64;0.447861693;1
"10kmE485N390";4850000;3900000;0.735;0.596264638;6
"10kmE485N391";4850000;3910000;0.735;0.240783834;6
"10kmE485N394";4850000;3940000;0.64;0.916115443;4
"10kmE485N395";4850000;3950000;0.64;0.86265691;4
"10kmE485N404";4850000;4040000;0.9;0.954345726;2
"10kmE485N405";4850000;4050000;0.9;0.93839062;2
"10kmE485N406";4850000;4060000;0.85;0.703253156;4
"10kmE485N407";4850000;4070000;0.85;0.145673384;4
"10kmE485N408";4850000;4080000;0.9;0.137870049;2
"10kmE485N409";4850000;4090000;0.9;0.376390869;2
"10kmE485N410";4850000;4100000;0.85;0.297239366;4
"10kmE485N411";4850000;4110000;0.85;0.87319343;4
"10kmE485N412";4850000;4120000;0.61;1;3
"10kmE485N413";4850000;4130000;0.61;1;2
"10kmE485N414";4850000;4140000;0.625;0.977762365;4
"10kmE485N415";4850000;4150000;0.625;0.207105534;2
"10kmE485N416";4850000;4160000;0.603333333333333;9.39e-05;3
"10kmE485N417";4850000;4170000;0.603333333333333;0.133765714;3
"10kmE485N418";4850000;4180000;0.625;0.610202914;2
"10kmE485N419";4850000;4190000;0.625;0.899652069;2
"10kmE485N447";4850000;4470000;NA;1;0
"10kmE485N448";4850000;4480000;NA;1;0
"10kmE485N449";4850000;4490000;NA;0.800545712;0
"10kmE485N450";4850000;4500000;NA;0.810536909;0
"10kmE485N451";4850000;4510000;NA;1;0
"10kmE485N452";4850000;4520000;NA;0.996682489;0
"10kmE485N453";4850000;4530000;NA;0.886681593;0
"10kmE486N355";4860000;3550000;0.45;0.639698838;2
"10kmE486N384";4860000;3840000;0.64;0.774761062;2
"10kmE486N385";4860000;3850000;0.64;0.855334973;2
"10kmE486N386";4860000;3860000;0.64;1;3
"10kmE486N387";4860000;3870000;0.64;0.983433376;3
"10kmE486N388";4860000;3880000;0.64;0.557574551;4
"10kmE486N389";4860000;3890000;0.64;0.15283341;2
"10kmE486N391";4860000;3910000;0.735;0.83055333;8
"10kmE486N394";4860000;3940000;0.64;0.849635604;4
"10kmE486N395";4860000;3950000;0.64;0.336501157;4
"10kmE486N406";4860000;4060000;0.9;0.982375668;1
"10kmE486N407";4860000;4070000;0.9;0.404271118;2
"10kmE486N408";4860000;4080000;0.9;0.095894291;2
"10kmE486N409";4860000;4090000;0.9;0.149943317;2
"10kmE486N410";4860000;4100000;0.755;0.937437736;6
"10kmE486N411";4860000;4110000;0.755;0.893013426;6
"10kmE486N412";4860000;4120000;0.61;1;2
"10kmE486N413";4860000;4130000;0.61;1;2
"10kmE486N414";4860000;4140000;0.603333333333333;0.659589495;6
"10kmE486N415";4860000;4150000;0.603333333333333;0.604486459;3
"10kmE486N418";4860000;4180000;0.603333333333333;0.688548473;3
"10kmE486N419";4860000;4190000;0.603333333333333;0.862412325;3
"10kmE486N445";4860000;4450000;0.01;0.590462764;2
"10kmE486N446";4860000;4460000;0.01;0.725598347;2
"10kmE486N447";4860000;4470000;0.01;0.783327589;1
"10kmE486N448";4860000;4480000;NA;0.535172846;0
"10kmE486N449";4860000;4490000;NA;0.784117915;0
"10kmE486N450";4860000;4500000;NA;0.754609947;0
"10kmE486N451";4860000;4510000;NA;0.428253305;0
"10kmE486N452";4860000;4520000;NA;0.342456531;0
"10kmE486N453";4860000;4530000;NA;0.769075625;0
"10kmE487N352";4870000;3520000;0.45;0.222604491;4
"10kmE487N353";4870000;3530000;0.45;0.413972808;2
"10kmE487N354";4870000;3540000;0.45;0.225372212;4
"10kmE487N355";4870000;3550000;0.45;0.97101016;4
"10kmE487N384";4870000;3840000;0.64;1;1
"10kmE487N385";4870000;3850000;0.64;1;2
"10kmE487N386";4870000;3860000;0.64;1;2
"10kmE487N387";4870000;3870000;0.64;1;2
"10kmE487N388";4870000;3880000;0.64;0.999999999;4
"10kmE487N389";4870000;3890000;0.64;0.834292115;4
"10kmE487N390";4870000;3900000;0.735;0.073491087;6
"10kmE487N391";4870000;3910000;0.735;0.396197055;8
"10kmE487N394";4870000;3940000;0.64;0.712592451;2
"10kmE487N395";4870000;3950000;0.64;0.446862923;4
"10kmE487N406";4870000;4060000;0.9;1;1
"10kmE487N407";4870000;4070000;0.9;0.757088504;2
"10kmE487N408";4870000;4080000;0.9;0.37373277;2
"10kmE487N409";4870000;4090000;0.9;0.181219367;3
"10kmE487N410";4870000;4100000;0.755;0.823219628;6
"10kmE487N411";4870000;4110000;0.755;0.951135921;4
"10kmE487N412";4870000;4120000;0.61;0.870857357;2
"10kmE487N413";4870000;4130000;0.61;0.797119146;2
"10kmE487N414";4870000;4140000;0.603333333333333;0.082107644;6
"10kmE487N418";4870000;4180000;0.603333333333333;0.30942774;3
"10kmE487N419";4870000;4190000;0.603333333333333;0.880264548;3
"10kmE487N420";4870000;4200000;0.61;0.961770899;1
"10kmE487N443";4870000;4430000;0.01;0.801300049;1
"10kmE487N444";4870000;4440000;0.01;0.174045408;1
"10kmE487N445";4870000;4450000;0.01;0.034606371;1
"10kmE487N446";4870000;4460000;0.01;0.079504559;2
"10kmE487N447";4870000;4470000;0.01;0.023059365;1
"10kmE487N448";4870000;4480000;NA;0.064134204;0
"10kmE487N449";4870000;4490000;NA;0.547527528;0
"10kmE487N450";4870000;4500000;NA;0.715103811;0
"10kmE487N451";4870000;4510000;NA;0.219123803;0
"10kmE487N452";4870000;4520000;NA;0.321635926;0
"10kmE487N453";4870000;4530000;NA;1.000000001;0
"10kmE488N352";4880000;3520000;0.54;0.999795996;2
"10kmE488N353";4880000;3530000;0.54;0.896720956;2
"10kmE488N354";4880000;3540000;0.54;0.675786017;2
"10kmE488N411";4880000;4110000;0.61;1;2
"10kmE488N412";4880000;4120000;0.625;0.763871982;4
"10kmE488N413";4880000;4130000;0.625;0.597939791;2
"10kmE488N414";4880000;4140000;0.603333333333333;0.031633993;3
"10kmE488N415";4880000;4150000;0.603333333333333;0.553350481;6
"10kmE488N416";4880000;4160000;0.603333333333333;0.057497529;6
"10kmE488N417";4880000;4170000;0.603333333333333;0.067820069;3
"10kmE488N418";4880000;4180000;0.625;0.403923233;2
"10kmE488N419";4880000;4190000;0.625;0.485181497;2
"10kmE488N420";4880000;4200000;0.61;0.798165301;1
"10kmE488N421";4880000;4210000;0.61;0.999989864;1
"10kmE488N441";4880000;4410000;0.01;1;1
"10kmE488N442";4880000;4420000;0.01;0.882183612;1
"10kmE488N443";4880000;4430000;0.01;0.484992001;1
"10kmE488N444";4880000;4440000;0.01;0.017862297;1
"10kmE488N447";4880000;4470000;0.01;0.194932228;1
"10kmE488N448";4880000;4480000;NA;0.560228795;0
"10kmE488N449";4880000;4490000;NA;0.66163808;0
"10kmE488N450";4880000;4500000;NA;0.137359942;0
"10kmE488N451";4880000;4510000;NA;0.000542275;0
"10kmE488N452";4880000;4520000;NA;0.228369756;0
"10kmE488N453";4880000;4530000;NA;0.955011518;0
"10kmE489N352";4890000;3520000;0.54;1.000000001;4
"10kmE489N353";4890000;3530000;0.54;0.885834114;2
"10kmE489N411";4890000;4110000;0.61;0.974679463;2
"10kmE489N412";4890000;4120000;0.625;0.854209627;4
"10kmE489N413";4890000;4130000;0.625;0.48734697;2
"10kmE489N414";4890000;4140000;0.603333333333333;0.064302758;3
"10kmE489N415";4890000;4150000;0.603333333333333;0.065516518;6
"10kmE489N416";4890000;4160000;0.603333333333333;0.026987106;3
"10kmE489N417";4890000;4170000;0.603333333333333;0.135167492;3
"10kmE489N418";4890000;4180000;0.625;0.321808293;2
"10kmE489N419";4890000;4190000;0.625;0.490896561;2
"10kmE489N420";4890000;4200000;0.61;0.618331668;1
"10kmE489N421";4890000;4210000;0.61;0.935499426;1
"10kmE489N422";4890000;4220000;0.61;1;1
"10kmE489N438";4890000;4380000;0.01;1;2
"10kmE489N439";4890000;4390000;0.01;1;2
"10kmE489N440";4890000;4400000;0.01;0.857146584;1
"10kmE489N441";4890000;4410000;0.01;0.539405217;1
"10kmE489N442";4890000;4420000;0.01;0.276559234;1
"10kmE489N444";4890000;4440000;0.01;0.004495803;1
"10kmE489N446";4890000;4460000;0.01;0.009287734;1
"10kmE489N447";4890000;4470000;0.01;0.017176892;1
"10kmE489N448";4890000;4480000;NA;0.202390409;0
"10kmE489N449";4890000;4490000;NA;0.285511095;0
"10kmE489N450";4890000;4500000;NA;0.045885864;0
"10kmE489N451";4890000;4510000;NA;0.039511863;0
"10kmE489N452";4890000;4520000;NA;0.308118341;0
"10kmE489N453";4890000;4530000;NA;0.958119916;0
"10kmE490N411";4900000;4110000;0.61;0.864213657;2
"10kmE490N412";4900000;4120000;0.625;0.91012633;4
"10kmE490N413";4900000;4130000;0.625;0.482541933;2
"10kmE490N415";4900000;4150000;0.625;0.126103496;2
"10kmE490N416";4900000;4160000;0.625;0.420383347;2
"10kmE490N417";4900000;4170000;0.625;0.753076828;4
"10kmE490N418";4900000;4180000;0.625;0.250268905;2
"10kmE490N419";4900000;4190000;0.625;0.618371564;2
"10kmE490N420";4900000;4200000;0.61;0.217924974;1
"10kmE490N421";4900000;4210000;0.61;0.70172739;1
"10kmE490N422";4900000;4220000;0.31;1;2
"10kmE490N423";4900000;4230000;0.31;1;2
"10kmE490N424";4900000;4240000;0.01;1;1
"10kmE490N435";4900000;4350000;0.01;1;1
"10kmE490N436";4900000;4360000;0.01;1;1
"10kmE490N437";4900000;4370000;0.01;0.810425082;1
"10kmE490N438";4900000;4380000;0.01;0.880438887;2
"10kmE490N439";4900000;4390000;0.01;0.791496325;2
"10kmE490N440";4900000;4400000;0.01;0.283087834;2
"10kmE490N451";4900000;4510000;NA;0.007542759;0
"10kmE490N452";4900000;4520000;NA;0.024255268;0
"10kmE490N453";4900000;4530000;NA;0.497348583;0
"10kmE491N411";4910000;4110000;0.61;1;2
"10kmE491N412";4910000;4120000;0.625;0.648295554;2
"10kmE491N413";4910000;4130000;0.625;0.248566986;2
"10kmE491N414";4910000;4140000;0.625;0.255559387;2
"10kmE491N415";4910000;4150000;0.625;0.255969607;2
"10kmE491N416";4910000;4160000;0.625;0.280695919;2
"10kmE491N417";4910000;4170000;0.625;0.486376195;4
"10kmE491N418";4910000;4180000;0.625;0.116841284;2
"10kmE491N419";4910000;4190000;0.625;0.424988959;2
"10kmE491N420";4910000;4200000;0.61;0.556160127;1
"10kmE491N421";4910000;4210000;0.61;0.532940653;1
"10kmE491N422";4910000;4220000;0.31;0.982744464;2
"10kmE491N423";4910000;4230000;0.31;0.998569261;2
"10kmE491N424";4910000;4240000;0.01;0.939534777;1
"10kmE491N425";4910000;4250000;0.01;0.997666069;1
"10kmE491N426";4910000;4260000;0.01;1;1
"10kmE491N430";4910000;4300000;0.01;1;1
"10kmE491N431";4910000;4310000;0.01;1;2
"10kmE491N432";4910000;4320000;0.01;1;4
"10kmE491N433";4910000;4330000;0.01;0.999560006;2
"10kmE491N434";4910000;4340000;0.01;0.821589028;3
"10kmE491N435";4910000;4350000;0.01;0.566147658;1
"10kmE491N436";4910000;4360000;0.01;0.766761663;1
"10kmE491N437";4910000;4370000;0.01;0.188545302;1
"10kmE491N438";4910000;4380000;0.01;0.011075289;1
"10kmE491N439";4910000;4390000;0.01;0.251752438;1
"10kmE491N451";4910000;4510000;NA;0.21187858;0
"10kmE491N452";4910000;4520000;NA;0.396835708;0
"10kmE491N453";4910000;4530000;NA;0.460113388;0
"10kmE491N454";4910000;4540000;NA;0.954452531;0
"10kmE492N411";4920000;4110000;0.61;0.998490643;2
"10kmE492N412";4920000;4120000;0.625;0.973716523;4
"10kmE492N413";4920000;4130000;0.625;0.815755763;4
"10kmE492N414";4920000;4140000;0.3775;0.50947047;4
"10kmE492N415";4920000;4150000;0.3775;0.44001719;8
"10kmE492N416";4920000;4160000;0.3775;0.349960144;8
"10kmE492N417";4920000;4170000;0.3775;0.382689138;4
"10kmE492N418";4920000;4180000;0.3775;0.247133745;4
"10kmE492N419";4920000;4190000;0.3775;0.098528504;4
"10kmE492N420";4920000;4200000;0.358;0.113493503;5
"10kmE492N421";4920000;4210000;0.358;0.405305748;5
"10kmE492N422";4920000;4220000;0.232;0.631866559;5
"10kmE492N423";4920000;4230000;0.232;0.652038862;5
"10kmE492N424";4920000;4240000;0.01;0.617190211;1
"10kmE492N425";4920000;4250000;0.01;0.601243304;1
"10kmE492N426";4920000;4260000;0.01;0.751814239;1
"10kmE492N427";4920000;4270000;0.01;0.863665802;2
"10kmE492N428";4920000;4280000;0.01;0.738522812;2
"10kmE492N429";4920000;4290000;0.01;0.967865894;2
"10kmE492N430";4920000;4300000;0.01;0.5062142;1
"10kmE492N431";4920000;4310000;0.01;0.737040253;2
"10kmE492N432";4920000;4320000;0.01;0.951231653;4
"10kmE492N433";4920000;4330000;0.01;0.520015012;2
"10kmE492N434";4920000;4340000;0.01;0.213043954;1
"10kmE492N435";4920000;4350000;0.01;0.094196244;1
"10kmE492N436";4920000;4360000;NA;0.25799083;0
"10kmE492N452";4920000;4520000;NA;0.1781261;0
"10kmE492N453";4920000;4530000;NA;0.573027289;0
"10kmE492N454";4920000;4540000;NA;0.889257657;0
"10kmE492N455";4920000;4550000;NA;1;0
"10kmE493N411";4930000;4110000;0.61;0.944275173;3
"10kmE493N412";4930000;4120000;0.625;0.451389183;4
"10kmE493N413";4930000;4130000;0.625;0.110016229;4
"10kmE493N414";4930000;4140000;0.3775;0.222287327;8
"10kmE493N415";4930000;4150000;0.3775;0.783802409;8
"10kmE493N416";4930000;4160000;0.3775;0.790455487;4
"10kmE493N417";4930000;4170000;0.3775;0.739427844;4
"10kmE493N418";4930000;4180000;0.3775;0.079595842;4
"10kmE493N419";4930000;4190000;0.3775;0.152641892;4
"10kmE493N420";4930000;4200000;0.358;0.531229391;5
"10kmE493N421";4930000;4210000;0.358;0.168833441;5
"10kmE493N422";4930000;4220000;0.232;0.390586903;5
"10kmE493N423";4930000;4230000;0.232;0.405065437;5
"10kmE493N424";4930000;4240000;0.01;0.050475932;1
"10kmE493N425";4930000;4250000;0.01;0.092927387;1
"10kmE493N426";4930000;4260000;0.01;0.096682251;1
"10kmE493N427";4930000;4270000;0.01;0.229846834;2
"10kmE493N428";4930000;4280000;0.01;0.042021616;2
"10kmE493N429";4930000;4290000;0.01;0.308980632;2
"10kmE493N430";4930000;4300000;0.01;0.08201191;2
"10kmE493N431";4930000;4310000;0.01;0.130843923;2
"10kmE493N432";4930000;4320000;0.01;0.122962012;1
"10kmE493N452";4930000;4520000;NA;0.245723056;0
"10kmE493N453";4930000;4530000;NA;0.45381355;0
"10kmE493N454";4930000;4540000;NA;0.317528881;0
"10kmE493N455";4930000;4550000;NA;0.452973681;0
"10kmE494N411";4940000;4110000;0.29;0.718362868;9
"10kmE494N412";4940000;4120000;0.29;0.506648651;6
"10kmE494N413";4940000;4130000;0.29;0.38546437;6
"10kmE494N414";4940000;4140000;0.29;0.52987071;6
"10kmE494N415";4940000;4150000;0.29;0.763199132;6
"10kmE494N416";4940000;4160000;0.13;0.617656636;4
"10kmE494N417";4940000;4170000;0.13;0.496456256;2
"10kmE494N418";4940000;4180000;0.13;0.201701751;2
"10kmE494N419";4940000;4190000;0.13;0.303695012;2
"10kmE494N420";4940000;4200000;0.18;0.488597987;3
"10kmE494N421";4940000;4210000;0.18;0.002870062;3
"10kmE494N422";4940000;4220000;0.18;0.024014413;3
"10kmE494N423";4940000;4230000;0.18;0.003158204;3
"10kmE495N411";4950000;4110000;0.29;1;6
"10kmE495N412";4950000;4120000;0.29;0.731988699;6
"10kmE495N413";4950000;4130000;0.29;0.886177707;6
"10kmE495N414";4950000;4140000;0.29;0.593142772;6
"10kmE495N415";4950000;4150000;0.29;0.675145292;6
"10kmE495N416";4950000;4160000;0.13;0.621034778;4
"10kmE495N417";4950000;4170000;0.13;0.179958091;2
"10kmE495N418";4950000;4180000;0.13;0.199919751;2
"10kmE495N419";4950000;4190000;0.13;0.413633475;2
"10kmE495N420";4950000;4200000;0.18;0.578171649;3
"10kmE495N421";4950000;4210000;0.18;0.045215938;3
"10kmE496N411";4960000;4110000;0.13;0.997294287;4
"10kmE496N412";4960000;4120000;0.13;0.812382941;6
"10kmE496N413";4960000;4130000;0.13;0.793390644;6
"10kmE496N414";4960000;4140000;0.13;0.548153451;4
"10kmE496N415";4960000;4150000;0.13;0.419122201;4
"10kmE496N416";4960000;4160000;0.13;0.397300064;2
"10kmE496N417";4960000;4170000;0.13;0.385798006;4
"10kmE496N418";4960000;4180000;0.28;0.430542186;1
"10kmE496N419";4960000;4190000;0.28;0.53144056;1
"10kmE496N420";4960000;4200000;0.28;0.268955461;1
"10kmE496N421";4960000;4210000;0.28;0.112950023;1
"10kmE496N422";4960000;4220000;0.28;0.117694231;1
"10kmE497N411";4970000;4110000;0.13;0.859374274;4
"10kmE497N412";4970000;4120000;0.13;0.326308794;4
"10kmE497N413";4970000;4130000;0.13;0.733981802;8
"10kmE497N414";4970000;4140000;0.13;0.514819386;8
"10kmE497N415";4970000;4150000;0.13;0.718634684;4
"10kmE497N416";4970000;4160000;0.13;0.63909929;4
"10kmE497N417";4970000;4170000;0.13;0.307091785;4
"10kmE497N418";4970000;4180000;0.28;0.548352446;2
"10kmE497N419";4970000;4190000;0.28;0.35502282;1
"10kmE497N420";4970000;4200000;0.28;0.028083791;1
"10kmE497N421";4970000;4210000;0.28;0.059829383;1
"10kmE498N411";4980000;4110000;0.13;0.991134649;4
"10kmE498N412";4980000;4120000;0.13;0.879377467;8
"10kmE498N413";4980000;4130000;0.13;0.62622137;8
"10kmE498N414";4980000;4140000;0.13;0.5858706;8
"10kmE498N415";4980000;4150000;0.13;0.854667422;6
"10kmE498N416";4980000;4160000;0.13;0.78986668;4
"10kmE498N417";4980000;4170000;0.13;0.068520391;4
"10kmE498N418";4980000;4180000;0.28;0.589745438;2
"10kmE498N419";4980000;4190000;0.28;0.37289095;2
"10kmE498N420";4980000;4200000;0.28;0.314620662;2
"10kmE499N372";4990000;3720000;0.735;0.958385575;6
"10kmE499N373";4990000;3730000;0.735;0.783035903;8
"10kmE499N374";4990000;3740000;0.735;0.804732801;8
"10kmE499N375";4990000;3750000;0.735;0.824779613;8
"10kmE499N376";4990000;3760000;0.735;0.363173047;8
"10kmE499N377";4990000;3770000;0.735;0.708389344;8
"10kmE499N378";4990000;3780000;0.735;0.761283351;8
"10kmE499N379";4990000;3790000;0.735;0.769366825;8
"10kmE499N380";4990000;3800000;0.735;0.894074847;8
"10kmE499N381";4990000;3810000;0.735;1;8
"10kmE499N412";4990000;4120000;0.13;0.879309419;8
"10kmE499N413";4990000;4130000;0.13;0.689818501;8
"10kmE499N414";4990000;4140000;0.13;0.687000801;6
"10kmE499N415";4990000;4150000;0.13;0.948254379;8
"10kmE499N416";4990000;4160000;0.13;0.833367455;6
"10kmE499N417";4990000;4170000;0.13;0.498831997;8
"10kmE499N418";4990000;4180000;0.28;0.346198219;2
"10kmE499N419";4990000;4190000;0.28;0.213694134;1
"10kmE499N420";4990000;4200000;0.28;0.03333918;1
"10kmE500N193";5000000;1930000;0.62;1;1
"10kmE500N368";5000000;3680000;0.29;0.895135245;1
"10kmE500N369";5000000;3690000;0.29;0.351478987;3
"10kmE500N370";5000000;3700000;0.5875;0.461355753;12
"10kmE500N371";5000000;3710000;0.5875;0.988399754;12
"10kmE500N372";5000000;3720000;0.735;0.812051546;8
"10kmE500N391";5000000;3910000;0.545;1;8
"10kmE500N394";5000000;3940000;0.43;1;3
"10kmE500N395";5000000;3950000;0.43;0.914448917;3
"10kmE500N396";5000000;3960000;0.43;0.303951823;3
"10kmE500N397";5000000;3970000;0.43;0.259552845;3
"10kmE500N398";5000000;3980000;0.43;0.623257781;6
"10kmE500N399";5000000;3990000;0.43;0.407343512;6
"10kmE500N400";5000000;4000000;0.43;1;6
"10kmE500N401";5000000;4010000;0.43;1;6
"10kmE500N402";5000000;4020000;0.43;1;6
"10kmE500N403";5000000;4030000;0.43;0.950577862;3
"10kmE500N404";5000000;4040000;0.43;0.761881714;6
"10kmE500N405";5000000;4050000;0.43;0.770678459;6
"10kmE500N412";5000000;4120000;0.13;0.688245254;6
"10kmE500N413";5000000;4130000;0.13;0.661712782;8
"10kmE500N414";5000000;4140000;0.13;0.62791287;6
"10kmE500N415";5000000;4150000;0.13;0.835522666;6
"10kmE500N416";5000000;4160000;0.18;0.927054365;12
"10kmE500N417";5000000;4170000;0.18;0.553219999;6
"10kmE500N418";5000000;4180000;0.28;0.165228095;2
"10kmE500N419";5000000;4190000;0.28;0.013705769;1
"10kmE500N420";5000000;4200000;0.28;0.065503278;1
"10kmE501N368";5010000;3680000;0.29;0.974131049;1
"10kmE501N369";5010000;3690000;0.29;0.831164912;1
"10kmE501N391";5010000;3910000;0.545;0.972235473;8
"10kmE501N394";5010000;3940000;0.43;1;3
"10kmE501N395";5010000;3950000;0.43;0.636626087;3
"10kmE501N396";5010000;3960000;0.43;0.001302314;3
"10kmE501N397";5010000;3970000;0.43;0.003729247;3
"10kmE501N398";5010000;3980000;0.43;0.056678152;3
"10kmE501N399";5010000;3990000;0.43;0.647872565;6
"10kmE501N400";5010000;4000000;0.43;1;3
"10kmE501N401";5010000;4010000;0.43;1;6
"10kmE501N402";5010000;4020000;0.43;1;3
"10kmE501N403";5010000;4030000;0.43;0.842761849;3
"10kmE501N404";5010000;4040000;0.43;0.576694231;6
"10kmE501N405";5010000;4050000;0.43;0.987593788;6
"10kmE501N412";5010000;4120000;0.13;0.976906583;8
"10kmE501N413";5010000;4130000;0.13;0.656590374;6
"10kmE501N414";5010000;4140000;0.13;0.421934203;8
"10kmE501N415";5010000;4150000;0.13;0.216912467;6
"10kmE501N416";5010000;4160000;0.18;0.187541596;6
"10kmE501N417";5010000;4170000;0.18;0.256639149;6
"10kmE501N418";5010000;4180000;0.28;0.167837863;2
"10kmE501N419";5010000;4190000;0.28;0.09671756;1
"10kmE501N420";5010000;4200000;0.28;0.267683478;1
"10kmE502N392";5020000;3920000;0.50875;0.566651743;10
"10kmE502N393";5020000;3930000;0.50875;0.878083929;5
"10kmE502N394";5020000;3940000;0.50875;0.939146886;10
"10kmE502N395";5020000;3950000;0.50875;0.681168697;5
"10kmE502N398";5020000;3980000;0.43;0.002385478;3
"10kmE502N399";5020000;3990000;0.43;0.840509476;3
"10kmE502N400";5020000;4000000;0.43;1;3
"10kmE502N401";5020000;4010000;0.43;1;6
"10kmE502N402";5020000;4020000;0.43;0.947808032;6
"10kmE502N403";5020000;4030000;0.43;0.136314857;3
"10kmE502N404";5020000;4040000;0.43;0.319500536;6
"10kmE502N405";5020000;4050000;0.43;0.495288057;6
"10kmE502N406";5020000;4060000;0.43;0.989927693;6
"10kmE502N407";5020000;4070000;0.43;0.080613972;6
"10kmE502N412";5020000;4120000;0.13;0.993260412;6
"10kmE502N413";5020000;4130000;0.13;0.939523794;6
"10kmE502N414";5020000;4140000;0.13;0.670774239;6
"10kmE502N415";5020000;4150000;0.13;0.40797355;8
"10kmE502N416";5020000;4160000;0.18;0.469392555;6
"10kmE502N418";5020000;4180000;0.28;0.223443735;1
"10kmE502N419";5020000;4190000;0.28;0.287150442;1
"10kmE503N392";5030000;3920000;0.50875;0.188398654;20
"10kmE503N394";5030000;3940000;0.50875;0.030209384;10
"10kmE503N395";5030000;3950000;0.50875;0.002912082;5
"10kmE503N399";5030000;3990000;0.43;0.083057659;6
"10kmE503N400";5030000;4000000;0.43;0.944625547;6
"10kmE503N401";5030000;4010000;0.43;0.959223166;6
"10kmE503N402";5030000;4020000;0.43;0.247846569;3
"10kmE503N404";5030000;4040000;0.43;0.015232425;3
"10kmE503N405";5030000;4050000;0.43;0.345914817;3
"10kmE503N406";5030000;4060000;0.43;0.981728022;6
"10kmE503N407";5030000;4070000;0.43;0.79538128;6
"10kmE503N413";5030000;4130000;0.13;0.971509698;6
"10kmE503N414";5030000;4140000;0.13;0.88794634;6
"10kmE503N415";5030000;4150000;0.13;0.829478422;8
"10kmE503N416";5030000;4160000;0.18;0.4557647;12
"10kmE503N417";5030000;4170000;0.18;0.178199731;6
"10kmE503N418";5030000;4180000;0.28;0.042471096;1
"10kmE503N419";5030000;4190000;0.28;0.084777297;1
"10kmE503N420";5030000;4200000;0.28;0.121550527;1
"10kmE504N392";5040000;3920000;0.545;0.942036713;6
"10kmE504N393";5040000;3930000;0.545;0.311204072;6
"10kmE504N396";5040000;3960000;0.545;0.005038817;4
"10kmE504N400";5040000;4000000;0.585;0.47147113;6
"10kmE504N401";5040000;4010000;0.585;0.124422445;12
"10kmE504N402";5040000;4020000;0.585;0.020264731;6
"10kmE504N406";5040000;4060000;0.43;0.214830379;3
"10kmE504N407";5040000;4070000;0.43;0.999990238;6
"10kmE504N413";5040000;4130000;0.13;0.888954775;4
"10kmE504N414";5040000;4140000;0.18;0.782018086;12
"10kmE504N415";5040000;4150000;0.18;0.60896964;9
"10kmE504N416";5040000;4160000;0.28;0.225603387;2
"10kmE504N417";5040000;4170000;0.28;0.299390196;2
"10kmE504N418";5040000;4180000;0.28;0.068144782;1
"10kmE505N392";5050000;3920000;0.545;1;6
"10kmE505N393";5050000;3930000;0.545;0.984168948;4
"10kmE505N394";5050000;3940000;0.545;0.776444948;4
"10kmE505N395";5050000;3950000;0.545;0.173015414;2
"10kmE505N401";5050000;4010000;0.585;0.008446414;6
"10kmE505N402";5050000;4020000;0.585;0.029607228;6
"10kmE505N403";5050000;4030000;0.585;0.071716895;6
"10kmE505N405";5050000;4050000;0.43;0.0096187;3
"10kmE505N406";5050000;4060000;0.43;0.225253121;3
"10kmE505N407";5050000;4070000;0.43;1;3
"10kmE505N413";5050000;4130000;0.13;0.992204989;4
"10kmE505N414";5050000;4140000;0.18;0.720922147;12
"10kmE505N415";5050000;4150000;0.18;0.176413497;9
"10kmE505N416";5050000;4160000;0.28;0.1658476;2
"10kmE506N394";5060000;3940000;0.545;1;4
"10kmE506N395";5060000;3950000;0.545;0.315144091;2
"10kmE506N403";5060000;4030000;0.74;0.068973762;3
"10kmE506N404";5060000;4040000;0.585;0.064170724;6
"10kmE506N405";5060000;4050000;0.585;0.04181821;18
"10kmE506N406";5060000;4060000;0.43;0.357662544;3
"10kmE506N407";5060000;4070000;0.43;0.859284699;3
"10kmE506N408";5060000;4080000;0.53375;0.89851137;12
"10kmE506N409";5060000;4090000;0.53375;0.056062458;6
"10kmE506N413";5060000;4130000;0.13;0.938234848;4
"10kmE506N414";5060000;4140000;0.18;0.815075931;6
"10kmE506N415";5060000;4150000;0.18;0.282100728;9
"10kmE506N416";5060000;4160000;0.28;0.103460687;2
"10kmE506N539";5060000;5390000;0.546666666666667;1;13
"10kmE507N394";5070000;3940000;0.545;1;4
"10kmE507N395";5070000;3950000;0.545;0.885984619;2
"10kmE507N396";5070000;3960000;0.545;0.435997638;2
"10kmE507N397";5070000;3970000;0.545;0.191221078;2
"10kmE507N398";5070000;3980000;0.545;0.008087891;4
"10kmE507N403";5070000;4030000;0.74;0.008452311;3
"10kmE507N404";5070000;4040000;0.585;0.010967193;12
"10kmE507N405";5070000;4050000;0.585;0.006234485;18
"10kmE507N406";5070000;4060000;0.43;0.05508896;3
"10kmE507N407";5070000;4070000;0.43;0.648033564;6
"10kmE507N408";5070000;4080000;0.53375;0.724800146;12
"10kmE507N409";5070000;4090000;0.53375;0.602952286;12
"10kmE507N414";5070000;4140000;0.18;0.800498703;6
"10kmE507N415";5070000;4150000;0.18;0.282163038;6
"10kmE507N416";5070000;4160000;0.28;0.054159613;2
"10kmE507N417";5070000;4170000;0.28;0.167323655;1
"10kmE508N389";5080000;3890000;0.47;0.58955458;3
"10kmE508N392";5080000;3920000;0.545;1;4
"10kmE508N393";5080000;3930000;0.545;1;4
"10kmE508N394";5080000;3940000;0.545;1;4
"10kmE508N395";5080000;3950000;0.545;1;4
"10kmE508N396";5080000;3960000;0.545;1;4
"10kmE508N397";5080000;3970000;0.545;0.737550397;4
"10kmE508N398";5080000;3980000;0.545;0.14865164;2
"10kmE508N399";5080000;3990000;0.545;0.039991596;2
"10kmE508N400";5080000;4000000;0.626666666666666;0.002979163;8
"10kmE508N404";5080000;4040000;0.74;0.002329015;6
"10kmE508N405";5080000;4050000;0.74;0.003097678;6
"10kmE508N406";5080000;4060000;0.585;0.003203071;6
"10kmE508N407";5080000;4070000;0.585;0.161641534;6
"10kmE508N408";5080000;4080000;0.53375;0.628413751;18
"10kmE508N409";5080000;4090000;0.53375;0.678752988;12
"10kmE508N410";5080000;4100000;0.6375;0.112953318;6
"10kmE508N414";5080000;4140000;0.18;0.90071766;6
"10kmE508N415";5080000;4150000;0.18;0.527583599;6
"10kmE508N416";5080000;4160000;0.18;0.290946076;6
"10kmE508N417";5080000;4170000;0.18;0.026636217;3
"10kmE509N388";5090000;3880000;0.47;0.346605227;3
"10kmE509N389";5090000;3890000;0.47;0.965784365;2
"10kmE509N392";5090000;3920000;0.545;0.997986751;4
"10kmE509N393";5090000;3930000;0.545;0.978607852;6
"10kmE509N394";5090000;3940000;0.545;1;4
"10kmE509N395";5090000;3950000;0.545;1;4
"10kmE509N396";5090000;3960000;0.545;1;4
"10kmE509N397";5090000;3970000;0.545;1;4
"10kmE509N398";5090000;3980000;0.545;0.944329778;2
"10kmE509N399";5090000;3990000;0.545;0.259091163;2
"10kmE509N400";5090000;4000000;0.626666666666666;0.034790817;8
"10kmE509N401";5090000;4010000;0.626666666666666;0.083739527;16
"10kmE509N402";5090000;4020000;0.74;0.112132542;6
"10kmE509N406";5090000;4060000;0.585;0.00968446;6
"10kmE509N407";5090000;4070000;0.585;0.024314265;6
"10kmE509N408";5090000;4080000;0.53375;0.174041445;18
"10kmE509N409";5090000;4090000;0.53375;0.82551081;18
"10kmE509N410";5090000;4100000;0.6375;0.496434959;6
"10kmE509N411";5090000;4110000;0.6375;0.074097444;3
"10kmE509N412";5090000;4120000;0.13;0.075323687;2
"10kmE509N415";5090000;4150000;0.18;0.524402;6
"10kmE509N416";5090000;4160000;0.18;0.362194066;6
"10kmE509N417";5090000;4170000;0.18;0.090360524;6
"10kmE510N388";5100000;3880000;0.47;0.756191583;4
"10kmE510N392";5100000;3920000;0.545;0.420522074;6
"10kmE510N393";5100000;3930000;0.545;0.690801697;4
"10kmE510N394";5100000;3940000;0.545;1;4
"10kmE510N395";5100000;3950000;0.545;1;4
"10kmE510N396";5100000;3960000;0.545;1;4
"10kmE510N397";5100000;3970000;0.545;1;2
"10kmE510N398";5100000;3980000;0.545;1;2
"10kmE510N399";5100000;3990000;0.545;0.984874278;2
"10kmE510N400";5100000;4000000;0.69125;0.79620777;5
"10kmE510N401";5100000;4010000;0.69125;0.540461867;20
"10kmE510N402";5100000;4020000;0.74;0.089623502;9
"10kmE510N403";5100000;4030000;0.74;0.017131034;6
"10kmE510N404";5100000;4040000;0.74;0.017683836;3
"10kmE510N409";5100000;4090000;0.6375;0.526559663;6
"10kmE510N410";5100000;4100000;0.6375;0.892645033;6
"10kmE510N411";5100000;4110000;0.6375;0.515323414;3
"10kmE510N412";5100000;4120000;0.6375;0.161221242;6
"10kmE510N413";5100000;4130000;0.6375;0.203798869;6
"10kmE510N415";5100000;4150000;0.13;0.93190086;4
"10kmE510N416";5100000;4160000;0.18;0.772833532;6
"10kmE510N417";5100000;4170000;0.18;0.621502275;6
"10kmE510N418";5100000;4180000;0.18;0.239028171;6
"10kmE511N386";5110000;3860000;0.47;0.101593611;3
"10kmE511N387";5110000;3870000;0.47;0.42955002;4
"10kmE511N392";5110000;3920000;0.545;0.810632812;8
"10kmE511N393";5110000;3930000;0.545;0.999607144;2
"10kmE511N394";5110000;3940000;0.545;1;4
"10kmE511N395";5110000;3950000;0.545;1;4
"10kmE511N396";5110000;3960000;0.545;1;2
"10kmE511N397";5110000;3970000;0.545;1;4
"10kmE511N398";5110000;3980000;0.545;1;2
"10kmE511N399";5110000;3990000;0.545;0.987206992;4
"10kmE511N400";5110000;4000000;0.69125;0.916934994;10
"10kmE511N401";5110000;4010000;0.69125;0.09689874;5
"10kmE511N410";5110000;4100000;0.6375;0.221846872;9
"10kmE511N411";5110000;4110000;0.6375;0.687146892;6
"10kmE511N412";5110000;4120000;0.6375;0.088657792;3
"10kmE511N413";5110000;4130000;0.6375;0.587026302;6
"10kmE511N414";5110000;4140000;0.13;0.858281361;4
"10kmE511N416";5110000;4160000;0.18;0.793216373;6
"10kmE511N417";5110000;4170000;0.18;0.674707863;6
"10kmE511N418";5110000;4180000;0.18;0.326332412;6
"10kmE511N419";5110000;4190000;0.18;0.036143942;3
"10kmE512N390";5120000;3900000;0.545;1;8
"10kmE512N391";5120000;3910000;0.545;1;8
"10kmE512N392";5120000;3920000;0.545;1;2
"10kmE512N393";5120000;3930000;0.545;1;2
"10kmE512N394";5120000;3940000;0.545;1;4
"10kmE512N395";5120000;3950000;0.545;1;4
"10kmE512N396";5120000;3960000;0.545;1;2
"10kmE512N397";5120000;3970000;0.545;1;4
"10kmE512N398";5120000;3980000;0.545;0.831223171;2
"10kmE512N399";5120000;3990000;0.545;0.435711767;4
"10kmE512N410";5120000;4100000;0.6375;0.015521878;9
"10kmE512N411";5120000;4110000;0.6375;0.840458185;9
"10kmE512N412";5120000;4120000;0.6375;0.687634435;6
"10kmE512N413";5120000;4130000;0.6375;0.19343887;3
"10kmE512N414";5120000;4140000;0.6375;0.035384119;6
"10kmE512N416";5120000;4160000;0.34;0.790621943;12
"10kmE512N417";5120000;4170000;0.34;0.454004781;12
"10kmE512N418";5120000;4180000;0.331428571428571;0.120810007;14
"10kmE513N394";5130000;3940000;0.545;1;4
"10kmE513N395";5130000;3950000;0.545;1;4
"10kmE513N396";5130000;3960000;0.545;0.976719718;4
"10kmE513N397";5130000;3970000;0.545;0.616345867;4
"10kmE513N398";5130000;3980000;0.545;0.663898414;2
"10kmE513N399";5130000;3990000;0.545;0.179002267;2
"10kmE513N411";5130000;4110000;0.6375;0.803552109;3
"10kmE513N412";5130000;4120000;0.6375;0.802751114;6
"10kmE513N413";5130000;4130000;0.6375;0.83000452;9
"10kmE513N414";5130000;4140000;0.6375;0.653279859;9
"10kmE513N417";5130000;4170000;0.34;0.85031076;12
"10kmE513N418";5130000;4180000;0.331428571428571;0.785174896;14
"10kmE513N419";5130000;4190000;0.331428571428571;0.351641889;14
"10kmE513N420";5130000;4200000;0.445;0.113052913;4
"10kmE514N394";5140000;3940000;0.545;1;4
"10kmE514N395";5140000;3950000;0.545;1;4
"10kmE514N396";5140000;3960000;0.545;0.696816865;4
"10kmE514N397";5140000;3970000;0.545;0.118297105;2
"10kmE514N398";5140000;3980000;0.625;0.278667428;10
"10kmE514N399";5140000;3990000;0.625;0.000309956;5
"10kmE514N412";5140000;4120000;0.6375;0.50559087;9
"10kmE514N413";5140000;4130000;0.6375;0.728753633;12
"10kmE514N414";5140000;4140000;0.6375;0.410586934;6
"10kmE514N418";5140000;4180000;0.375;0.981392896;6
"10kmE514N419";5140000;4190000;0.375;0.915220538;6
"10kmE514N420";5140000;4200000;0.445;0.411167038;8
"10kmE515N394";5150000;3940000;0.545;0.999999999;8
"10kmE515N395";5150000;3950000;0.545;1;6
"10kmE515N396";5150000;3960000;0.545;1;4
"10kmE515N397";5150000;3970000;0.545;0.617357006;2
"10kmE515N398";5150000;3980000;0.625;0.247787839;5
"10kmE515N399";5150000;3990000;0.625;0.216359531;5
"10kmE515N400";5150000;4000000;0.6625;0.192698578;6
"10kmE515N412";5150000;4120000;0.6375;0.265979111;9
"10kmE515N413";5150000;4130000;0.6375;0.620733896;12
"10kmE515N414";5150000;4140000;0.6375;0.370652002;9
"10kmE515N415";5150000;4150000;0.6375;0.117473768;6
"10kmE515N419";5150000;4190000;0.375;0.816867709;6
"10kmE515N420";5150000;4200000;0.445;0.492962506;12
"10kmE515N421";5150000;4210000;0.445;0.154250702;12
"10kmE516N388";5160000;3880000;0.47;1;1
"10kmE516N392";5160000;3920000;0.47;0.998275364;4
"10kmE516N393";5160000;3930000;0.47;0.863287571;2
"10kmE516N394";5160000;3940000;0.5075;0.847288951;6
"10kmE516N395";5160000;3950000;0.5075;0.98024143;9
"10kmE516N396";5160000;3960000;0.545;0.98441468;6
"10kmE516N397";5160000;3970000;0.545;0.982091317;4
"10kmE516N398";5160000;3980000;0.625;0.964435848;10
"10kmE516N399";5160000;3990000;0.625;0.764461206;10
"10kmE516N400";5160000;4000000;0.6625;0.446292379;6
"10kmE516N413";5160000;4130000;0.6375;0.481811144;12
"10kmE516N414";5160000;4140000;0.6375;0.686709442;9
"10kmE516N415";5160000;4150000;0.6375;0.122396359;6
"10kmE516N416";5160000;4160000;0.6375;0.155515674;6
"10kmE516N419";5160000;4190000;0.375;0.847121342;6
"10kmE516N420";5160000;4200000;0.445;0.836709405;12
"10kmE516N421";5160000;4210000;0.445;0.467121192;8
"10kmE516N422";5160000;4220000;0.445;0.071631322;4
"10kmE517N388";5170000;3880000;0.47;0.999999999;3
"10kmE517N389";5170000;3890000;0.47;0.980635605;2
"10kmE517N390";5170000;3900000;0.47;0.88330009;3
"10kmE517N391";5170000;3910000;0.47;0.826090469;3
"10kmE517N392";5170000;3920000;0.47;0.844268174;2
"10kmE517N393";5170000;3930000;0.47;0.340187269;2
"10kmE517N413";5170000;4130000;0.6375;0.45958372;12
"10kmE517N414";5170000;4140000;0.6375;0.784871924;12
"10kmE517N415";5170000;4150000;0.6375;0.025659198;6
"10kmE517N417";5170000;4170000;0.6375;0.421685976;6
"10kmE517N419";5170000;4190000;0.375;0.741564947;4
"10kmE517N420";5170000;4200000;0.445;0.914584023;8
"10kmE517N421";5170000;4210000;0.445;0.411345128;8
"10kmE517N422";5170000;4220000;0.445;0.173556951;8
"10kmE517N423";5170000;4230000;0.445;0.039409957;4
"10kmE518N388";5180000;3880000;0.47;0.634476909;3
"10kmE518N389";5180000;3890000;0.47;0.579591513;2
"10kmE518N413";5180000;4130000;0.6375;0.059605434;9
"10kmE518N414";5180000;4140000;0.6375;0.874945655;12
"10kmE518N415";5180000;4150000;0.6375;0.605358414;6
"10kmE518N417";5180000;4170000;0.73125;4.02e-08;6
"10kmE518N419";5180000;4190000;0.375;0.995856128;4
"10kmE518N420";5180000;4200000;0.445;0.982905391;8
"10kmE518N421";5180000;4210000;0.445;0.858785983;8
"10kmE518N422";5180000;4220000;0.445;0.162296975;8
"10kmE518N423";5180000;4230000;0.445;0.110619619;4
"10kmE519N413";5190000;4130000;0.6375;0.284373792;3
"10kmE519N414";5190000;4140000;0.6375;0.93899396;12
"10kmE519N415";5190000;4150000;0.6375;0.661494065;6
"10kmE519N416";5190000;4160000;0.73125;0.393295801;12
"10kmE519N420";5190000;4200000;0.445;0.995316124;8
"10kmE519N421";5190000;4210000;0.445;0.883871825;8
"10kmE519N422";5190000;4220000;0.445;0.277352169;8
"10kmE519N423";5190000;4230000;0.445;0.087635098;4
"10kmE519N424";5190000;4240000;0.515;0.014980365;2
"10kmE520N415";5200000;4150000;0.73125;0.183541695;18
"10kmE520N416";5200000;4160000;0.825;0.297009719;6
"10kmE520N420";5200000;4200000;0.375;1;4
"10kmE520N421";5200000;4210000;0.375;0.92016106;6
"10kmE520N422";5200000;4220000;0.445;0.671730545;8
"10kmE520N423";5200000;4230000;0.445;0.234805563;4
"10kmE520N424";5200000;4240000;0.445;0.254670262;4
"10kmE521N415";5210000;4150000;0.73125;0.337059945;18
"10kmE521N416";5210000;4160000;0.825;0.802027637;9
"10kmE521N417";5210000;4170000;0.825;0.308755983;6
"10kmE521N421";5210000;4210000;0.375;0.999248297;4
"10kmE521N422";5210000;4220000;0.445;0.989823705;12
"10kmE521N423";5210000;4230000;0.445;0.779620346;12
"10kmE521N424";5210000;4240000;0.445;0.402281608;12
"10kmE522N415";5220000;4150000;0.825;0.137826872;3
"10kmE522N416";5220000;4160000;0.825;0.873615318;6
"10kmE522N417";5220000;4170000;0.825;0.410992584;6
"10kmE522N418";5220000;4180000;0.825;0.188733156;6
"10kmE522N419";5220000;4190000;0.825;0.405227451;6
"10kmE522N422";5220000;4220000;0.375;0.986187144;6
"10kmE522N423";5220000;4230000;0.375;0.888677277;6
"10kmE522N424";5220000;4240000;0.445;0.501553972;12
"10kmE522N425";5220000;4250000;0.445;0.11276103;8
"10kmE523N415";5230000;4150000;0.825;0.198352585;3
"10kmE523N416";5230000;4160000;0.825;0.994882523;6
"10kmE523N417";5230000;4170000;0.825;0.427368513;6
"10kmE523N418";5230000;4180000;0.825;0.227049957;6
"10kmE523N422";5230000;4220000;0.375;0.991087746;8
"10kmE523N423";5230000;4230000;0.375;0.967479625;8
"10kmE523N424";5230000;4240000;0.445;0.871139592;16
"10kmE523N425";5230000;4250000;0.445;0.468891638;16
"10kmE523N426";5230000;4260000;0.515;0.056381774;4
"10kmE524N415";5240000;4150000;0.825;0.456444155;6
"10kmE524N416";5240000;4160000;0.825;1;9
"10kmE524N417";5240000;4170000;0.825;0.829370608;9
"10kmE524N418";5240000;4180000;0.825;0.022851105;6
"10kmE524N419";5240000;4190000;0.825;0.285564256;9
"10kmE524N422";5240000;4220000;0.375;0.951992775;8
"10kmE524N423";5240000;4230000;0.375;0.983926337;8
"10kmE524N424";5240000;4240000;0.445;0.957085573;16
"10kmE524N425";5240000;4250000;0.445;0.759037767;16
"10kmE524N426";5240000;4260000;0.445;0.100357932;12
"10kmE524N427";5240000;4270000;0.445;0.005031195;4
"10kmE525N415";5250000;4150000;0.825;0.219361569;3
"10kmE525N416";5250000;4160000;0.825;0.929392503;6
"10kmE525N417";5250000;4170000;0.825;0.851158353;9
"10kmE525N418";5250000;4180000;0.825;0.175082813;6
"10kmE525N423";5250000;4230000;0.375;0.925305027;6
"10kmE525N424";5250000;4240000;0.445;0.880857545;12
"10kmE525N425";5250000;4250000;0.445;0.740476356;16
"10kmE525N426";5250000;4260000;0.445;0.538983589;16
"10kmE525N427";5250000;4270000;0.445;0.270161492;4
"10kmE526N415";5260000;4150000;0.825;0.132050673;3
"10kmE526N416";5260000;4160000;0.825;0.986169528;6
"10kmE526N417";5260000;4170000;0.825;0.728569562;9
"10kmE526N423";5260000;4230000;0.375;0.952776294;6
"10kmE526N424";5260000;4240000;0.375;0.849512747;6
"10kmE526N425";5260000;4250000;0.375;0.963788155;8
"10kmE526N426";5260000;4260000;0.445;0.719698002;12
"10kmE526N427";5260000;4270000;0.445;0.490454552;4
"10kmE527N415";5270000;4150000;0.825;0.611541776;3
"10kmE527N416";5270000;4160000;0.825;1;6
"10kmE527N417";5270000;4170000;0.825;0.634815391;12
"10kmE527N424";5270000;4240000;0.375;0.96879867;8
"10kmE527N425";5270000;4250000;0.375;0.774193649;6
"10kmE527N426";5270000;4260000;0.445;0.728412742;12
"10kmE527N427";5270000;4270000;0.445;0.270701912;8
"10kmE528N415";5280000;4150000;0.825;0.589255048;3
"10kmE528N425";5280000;4250000;0.375;0.920722372;8
"10kmE528N426";5280000;4260000;0.445;0.908273411;16
"10kmE528N427";5280000;4270000;0.445;0.43951845;16
"10kmE528N428";5280000;4280000;0.515;0.01438069;2
"10kmE529N415";5290000;4150000;0.825;0.172875755;3
"10kmE529N428";5290000;4280000;0.515;0.48641263;6
"10kmE530N416";5300000;4160000;0.825;0.884946003;6
"10kmE530N417";5300000;4170000;0.825;1;6
"10kmE531N416";5310000;4160000;0.825;0.890242183;9
"10kmE531N417";5310000;4170000;0.825;1;6
"10kmE532N416";5320000;4160000;0.825;0.927282359;12
"10kmE532N417";5320000;4170000;0.825;1;6
"10kmE533N177";5330000;1770000;0.71;1;2
"10kmE533N416";5330000;4160000;0.825;0.944942667;6
"10kmE533N417";5330000;4170000;0.825;0.95152782;6
"10kmE534N177";5340000;1770000;0.66;1;1
"10kmE540N179";5400000;1790000;0.53;1;1
"10kmE541N179";5410000;1790000;0.53;1;1
"10kmE541N200";5410000;2000000;0.48;1;1
"10kmE547N173";5470000;1730000;0.335;1;2
"10kmE549N173";5490000;1730000;0.335;1;2
"10kmE549N175";5490000;1750000;0.335;1;2
"10kmE549N202";5490000;2020000;0.47;1;1
"10kmE550N174";5500000;1740000;0.3525;1;4
"10kmE550N175";5500000;1750000;0.3525;1;4
"10kmE555N209";5550000;2090000;0.65;1;1
"10kmE562N198";5620000;1980000;0.695;1;2
"10kmE563N198";5630000;1980000;0.695;1;2
"10kmE563N199";5630000;1990000;0.695;1;2
